quest_key,episode,floor,index,type,kind,room,wave,position,angles,params,handler_label,handler_status
events-ep2/q513-bb-e,Episode2,0,24,253,npc,40,0,"[-18.0, 0.0, 0.0]","[0, 16384, 0]","[0.0, 0.0, 0.0, 130.0, 350.0, 0, 0]",label015E,static candidate resolved; inspect caller and type-specific rules
events-ep2/q513-bb-e,Episode2,0,25,253,npc,40,0,"[-43.0, 0.0, 14.0]","[0, -8192, 0]","[10.0, 0.0, 10.0, 0.0, 0.0, 1, 0]",,no DAT interaction label
events-ep2/q513-bb-e,Episode2,0,26,253,npc,40,0,"[-33.0, 0.0, -22.0]","[0, 4096, 0]","[10.0, 0.0, 10.0, 0.0, 0.0, 1, 0]",,no DAT interaction label
seasonal-ep2/q84-bb-e,Episode2,0,17,253,npc,80,0,"[67.0, 0.0, 0.0]","[0, 49152, 0]","[0.0, 0.0, 0.0, 119.0, 119.0, 0, 0]",label0077,static candidate resolved; inspect caller and type-specific rules
seasonal-ep2/q84-bb-e,Episode2,0,18,253,npc,40,0,"[-18.0, 0.0, 0.0]","[0, 16384, 0]","[0.0, 0.0, 0.0, 130.0, 130.0, 0, 0]",label0082,static candidate resolved; inspect caller and type-specific rules
seasonal-ep2/q84-bb-e,Episode2,0,19,253,npc,40,0,"[-43.0, 0.0, 14.0]","[0, -8192, 0]","[10.0, 0.0, 0.0, 0.0, 0.0, 1, 0]",,no DAT interaction label
seasonal-ep2/q84-bb-e,Episode2,0,20,253,npc,40,0,"[-33.0, 0.0, -22.0]","[0, 4096, 0]","[10.0, 0.0, 0.0, 0.0, 0.0, 1, 0]",,no DAT interaction label
seasonal-ep2/q84-bb-j,Episode2,0,17,253,npc,80,0,"[67.0, 0.0, 0.0]","[0, 49152, 0]","[0.0, 0.0, 0.0, 119.0, 119.0, 0, 0]",label0077,static candidate resolved; inspect caller and type-specific rules
seasonal-ep2/q84-bb-j,Episode2,0,18,253,npc,40,0,"[-18.0, 0.0, 0.0]","[0, 16384, 0]","[0.0, 0.0, 0.0, 130.0, 130.0, 0, 0]",label0082,static candidate resolved; inspect caller and type-specific rules
seasonal-ep2/q84-bb-j,Episode2,0,19,253,npc,40,0,"[-43.0, 0.0, 14.0]","[0, -8192, 0]","[10.0, 0.0, 0.0, 0.0, 0.0, 1, 0]",,no DAT interaction label
seasonal-ep2/q84-bb-j,Episode2,0,20,253,npc,40,0,"[-33.0, 0.0, -22.0]","[0, 4096, 0]","[10.0, 0.0, 0.0, 0.0, 0.0, 1, 0]",,no DAT interaction label
seasonal-ep2/q207-bb-e,Episode2,0,13,253,npc,10,0,"[-42.145423889160156, 0.0, -67.77307891845703]","[0, 57344, 0]","[0.0, 0.0, 0.0, 140.0, 140.0, 0, 0]",label008C,static candidate resolved; inspect caller and type-specific rules
seasonal-ep2/q207-bb-e,Episode2,7,33,253,npc,6,1,"[-96.2158203125, -54.261688232421875, -52.800537109375]","[0, 8192, 0]","[0.0, 0.0, 0.0, 111.0, 310.0, 0, 0]",label0136,static candidate resolved; inspect caller and type-specific rules
seasonal-ep2/q207-bb-e,Episode2,7,34,253,npc,6,1,"[-125.1182861328125, -54.2599983215332, -18.802490234375]","[0, 9216, 0]","[0.0, 0.0, 0.0, 112.0, 320.0, 0, 0]",label0140,static candidate resolved; inspect caller and type-specific rules
seasonal-ep2/q207-bb-e,Episode2,7,35,253,npc,6,1,"[-106.11518859863281, -54.2599983215332, -26.6436767578125]","[0, 8192, 0]","[0.0, 0.0, 0.0, 110.0, 300.0, 0, 0]",label012C,static candidate resolved; inspect caller and type-specific rules
seasonal-ep2/q207-bb-e,Episode2,9,76,253,npc,13,1,"[-30.2021484375, 10.0, 7.149131774902344]","[0, 24576, 0]","[0.0, 0.0, 0.0, 110.0, 300.0, 0, 0]",label012C,static candidate resolved; inspect caller and type-specific rules
seasonal-ep2/q207-bb-e,Episode2,9,77,253,npc,13,1,"[-39.1767578125, 10.0, -18.058639526367188]","[0, 20480, 0]","[0.0, 0.0, 0.0, 112.0, 320.0, 0, 0]",label0140,static candidate resolved; inspect caller and type-specific rules
seasonal-ep2/q207-bb-e,Episode2,9,78,253,npc,13,1,"[-3.8365478515625, 10.0, 13.920700073242188]","[0, 28672, 0]","[0.0, 0.0, 0.0, 111.0, 310.0, 0, 0]",label0136,static candidate resolved; inspect caller and type-specific rules
seasonal-ep2/q207-bb-j,Episode2,0,13,253,npc,10,0,"[-42.145423889160156, 0.0, -67.77307891845703]","[0, 57344, 0]","[0.0, 0.0, 0.0, 140.0, 140.0, 0, 0]",label008C,static candidate resolved; inspect caller and type-specific rules
seasonal-ep2/q207-bb-j,Episode2,7,33,253,npc,6,1,"[-96.2158203125, -54.261688232421875, -52.800537109375]","[0, 8192, 0]","[0.0, 0.0, 0.0, 111.0, 310.0, 0, 0]",label0136,static candidate resolved; inspect caller and type-specific rules
seasonal-ep2/q207-bb-j,Episode2,7,34,253,npc,6,1,"[-125.1182861328125, -54.2599983215332, -18.802490234375]","[0, 9216, 0]","[0.0, 0.0, 0.0, 112.0, 320.0, 0, 0]",label0140,static candidate resolved; inspect caller and type-specific rules
seasonal-ep2/q207-bb-j,Episode2,7,35,253,npc,6,1,"[-106.11518859863281, -54.2599983215332, -26.6436767578125]","[0, 8192, 0]","[0.0, 0.0, 0.0, 110.0, 300.0, 0, 0]",label012C,static candidate resolved; inspect caller and type-specific rules
seasonal-ep2/q207-bb-j,Episode2,9,76,253,npc,13,1,"[-30.2021484375, 10.0, 7.149131774902344]","[0, 24576, 0]","[0.0, 0.0, 0.0, 110.0, 300.0, 0, 0]",label012C,static candidate resolved; inspect caller and type-specific rules
seasonal-ep2/q207-bb-j,Episode2,9,77,253,npc,13,1,"[-39.1767578125, 10.0, -18.058639526367188]","[0, 20480, 0]","[0.0, 0.0, 0.0, 112.0, 320.0, 0, 0]",label0140,static candidate resolved; inspect caller and type-specific rules
seasonal-ep2/q207-bb-j,Episode2,9,78,253,npc,13,1,"[-3.8365478515625, 10.0, 13.920700073242188]","[0, 28672, 0]","[0.0, 0.0, 0.0, 111.0, 310.0, 0, 0]",label0136,static candidate resolved; inspect caller and type-specific rules
seasonal-ep2/q240-bb-e,Episode2,0,11,253,npc,50,0,"[-30.0, 0.0, 0.0]","[0, 16384, 0]","[0.0, 138.0, 0.0, 113.0, 1130.0, 0, 0]",label046A,static candidate resolved; inspect caller and type-specific rules
seasonal-ep2/q240-bb-e,Episode2,8,6,253,npc,3,2,"[-284.6678466796875, -99.99999237060547, 54.02154541015625]","[0, 8192, 0]","[0.0, 0.0, 0.0, 115.0, 1150.0, 0, 0]",label047E,static candidate resolved; inspect caller and type-specific rules
seasonal-ep2/q240-bb-e,Episode2,8,14,253,npc,3,1,"[-260.7799987792969, -100.0003662109375, 129.0716552734375]","[0, 16384, 0]","[0.0, 0.0, 0.0, 114.0, 1140.0, 0, 0]",label0474,static candidate resolved; inspect caller and type-specific rules
seasonal-ep2/q240-bb-j,Episode2,0,11,253,npc,50,0,"[-30.0, 0.0, 0.0]","[0, 16384, 0]","[0.0, 138.0, 0.0, 113.0, 1130.0, 0, 0]",label046A,static candidate resolved; inspect caller and type-specific rules
seasonal-ep2/q240-bb-j,Episode2,8,6,253,npc,3,2,"[-284.6678466796875, -99.99999237060547, 54.02154541015625]","[0, 8192, 0]","[0.0, 0.0, 0.0, 115.0, 1150.0, 0, 0]",label047E,static candidate resolved; inspect caller and type-specific rules
seasonal-ep2/q240-bb-j,Episode2,8,14,253,npc,3,1,"[-260.7799987792969, -100.0003662109375, 129.0716552734375]","[0, 16384, 0]","[0.0, 0.0, 0.0, 114.0, 1140.0, 0, 0]",label0474,static candidate resolved; inspect caller and type-specific rules
shops-ep2/q44-bb-e,Episode2,0,19,253,npc,40,0,"[-18.0, 0.0, 0.0]","[0, 16384, 0]","[0.0, 0.0, 0.0, 130.0, 130.0, 0, 0]",label0082,static candidate resolved; inspect caller and type-specific rules
shops-ep2/q44-bb-e,Episode2,0,20,253,npc,40,0,"[-43.0, 0.0, 14.0]","[0, -8192, 0]","[10.0, 0.0, 0.0, 0.0, 0.0, 1, 0]",,no DAT interaction label
shops-ep2/q44-bb-e,Episode2,0,21,253,npc,40,0,"[-33.0, 0.0, -22.0]","[0, 4096, 0]","[10.0, 0.0, 0.0, 0.0, 0.0, 1, 0]",,no DAT interaction label
shops-ep2/q44-bb-j,Episode2,0,19,253,npc,40,0,"[-18.0, 0.0, 0.0]","[0, 16384, 0]","[0.0, 0.0, 0.0, 130.0, 130.0, 0, 0]",label0082,static candidate resolved; inspect caller and type-specific rules
shops-ep2/q44-bb-j,Episode2,0,20,253,npc,40,0,"[-43.0, 0.0, 14.0]","[0, -8192, 0]","[10.0, 0.0, 0.0, 0.0, 0.0, 1, 0]",,no DAT interaction label
shops-ep2/q44-bb-j,Episode2,0,21,253,npc,40,0,"[-33.0, 0.0, -22.0]","[0, 4096, 0]","[10.0, 0.0, 0.0, 0.0, 0.0, 1, 0]",,no DAT interaction label
shops-ep2/q204-bb-e,Episode2,0,31,253,npc,40,0,"[-18.0, 0.0, 0.0]","[0, 16384, 0]","[0.0, 0.0, 0.0, 130.0, 130.0, 0, 0]",label0082,static candidate resolved; inspect caller and type-specific rules
shops-ep2/q204-bb-e,Episode2,0,32,253,npc,40,0,"[-43.0, 0.0, 14.0]","[0, -8192, 0]","[10.0, 0.0, 0.0, 0.0, 0.0, 1, 0]",,no DAT interaction label
shops-ep2/q204-bb-e,Episode2,0,33,253,npc,40,0,"[-33.0, 0.0, -22.0]","[0, 4096, 0]","[10.0, 0.0, 0.0, 0.0, 0.0, 1, 0]",,no DAT interaction label
shops-ep2/q204-bb-j,Episode2,0,31,253,npc,40,0,"[-18.0, 0.0, 0.0]","[0, 16384, 0]","[0.0, 0.0, 0.0, 130.0, 130.0, 0, 0]",label0082,static candidate resolved; inspect caller and type-specific rules
shops-ep2/q204-bb-j,Episode2,0,32,253,npc,40,0,"[-43.0, 0.0, 14.0]","[0, -8192, 0]","[10.0, 0.0, 0.0, 0.0, 0.0, 1, 0]",,no DAT interaction label
shops-ep2/q204-bb-j,Episode2,0,33,253,npc,40,0,"[-33.0, 0.0, -22.0]","[0, 4096, 0]","[10.0, 0.0, 0.0, 0.0, 0.0, 1, 0]",,no DAT interaction label
shops-ep2/q205-bb-e,Episode2,0,31,253,npc,40,0,"[-18.0, 0.0, 0.0]","[0, 16384, 0]","[0.0, 0.0, 0.0, 130.0, 130.0, 0, 0]",label0082,static candidate resolved; inspect caller and type-specific rules
shops-ep2/q205-bb-e,Episode2,0,32,253,npc,40,0,"[-43.0, 0.0, 14.0]","[0, -8192, 0]","[10.0, 0.0, 0.0, 0.0, 0.0, 1, 0]",,no DAT interaction label
shops-ep2/q205-bb-e,Episode2,0,33,253,npc,40,0,"[-33.0, 0.0, -22.0]","[0, 4096, 0]","[10.0, 0.0, 0.0, 0.0, 0.0, 1, 0]",,no DAT interaction label
shops-ep2/q205-bb-e,Episode2,0,36,253,npc,80,0,"[-55.0, 0.0, 10.0]","[0, 16384, 0]","[10.0, 0.0, 0.0, 0.0, 0.0, 1, 0]",,no DAT interaction label
shops-ep2/q205-bb-e,Episode2,0,37,253,npc,80,0,"[-55.0, 0.0, -10.0]","[0, 16384, 0]","[10.0, 0.0, 0.0, 0.0, 0.0, 1, 0]",,no DAT interaction label
shops-ep2/q205-bb-j,Episode2,0,31,253,npc,40,0,"[-18.0, 0.0, 0.0]","[0, 16384, 0]","[0.0, 0.0, 0.0, 130.0, 130.0, 0, 0]",label0082,static candidate resolved; inspect caller and type-specific rules
shops-ep2/q205-bb-j,Episode2,0,32,253,npc,40,0,"[-43.0, 0.0, 14.0]","[0, -8192, 0]","[10.0, 0.0, 0.0, 0.0, 0.0, 1, 0]",,no DAT interaction label
shops-ep2/q205-bb-j,Episode2,0,33,253,npc,40,0,"[-33.0, 0.0, -22.0]","[0, 4096, 0]","[10.0, 0.0, 0.0, 0.0, 0.0, 1, 0]",,no DAT interaction label
shops-ep2/q205-bb-j,Episode2,0,36,253,npc,80,0,"[-55.0, 0.0, 10.0]","[0, 16384, 0]","[10.0, 0.0, 0.0, 0.0, 0.0, 1, 0]",,no DAT interaction label
shops-ep2/q205-bb-j,Episode2,0,37,253,npc,80,0,"[-55.0, 0.0, -10.0]","[0, 16384, 0]","[10.0, 0.0, 0.0, 0.0, 0.0, 1, 0]",,no DAT interaction label
shops-ep2/q219-bb-e,Episode2,0,16,253,npc,0,0,"[-128.0, 0.0, 40.0]","[0, 16384, 0]","[0.0, 0.0, 0.0, 130.0, 130.0, 0, 0]",label0082,static candidate resolved; inspect caller and type-specific rules
shops-ep2/q219-bb-e,Episode2,0,17,253,npc,0,0,"[-153.0, 0.0, 54.0]","[0, -8192, 0]","[10.0, 0.0, 0.0, 0.0, 0.0, 1, 0]",,no DAT interaction label
shops-ep2/q219-bb-e,Episode2,0,18,253,npc,0,0,"[-143.0, 0.0, 18.0]","[0, 4096, 0]","[10.0, 0.0, 0.0, 0.0, 0.0, 1, 0]",,no DAT interaction label
shops-ep2/q219-bb-j,Episode2,0,16,253,npc,0,0,"[-128.0, 0.0, 40.0]","[0, 16384, 0]","[0.0, 0.0, 0.0, 130.0, 130.0, 0, 0]",label0082,static candidate resolved; inspect caller and type-specific rules
shops-ep2/q219-bb-j,Episode2,0,17,253,npc,0,0,"[-153.0, 0.0, 54.0]","[0, -8192, 0]","[10.0, 0.0, 0.0, 0.0, 0.0, 1, 0]",,no DAT interaction label
shops-ep2/q219-bb-j,Episode2,0,18,253,npc,0,0,"[-143.0, 0.0, 18.0]","[0, 4096, 0]","[10.0, 0.0, 0.0, 0.0, 0.0, 1, 0]",,no DAT interaction label
shops-ep2/q900-bb-e,Episode2,0,27,253,npc,40,0,"[-43.0, 0.0, 14.0]","[0, -8192, 0]","[10.0, 0.0, 0.0, 136.0, 136.0, 1, 0]",label0088,static candidate resolved; inspect caller and type-specific rules
shops-ep2/q900-bb-e,Episode2,0,28,253,npc,40,0,"[-33.0, 0.0, -22.0]","[0, 4096, 0]","[10.0, 0.0, 0.0, 137.0, 137.0, 1, 0]",label0089,static candidate resolved; inspect caller and type-specific rules
shops-ep2/q901-bb-e,Episode2,0,8,253,npc,40,0,"[-15.152206420898438, 0.0, 12.408348083496094]","[0, 20384, 0]","[0.0, 0.0, 0.0, 102.0, 102.0, 0, 0]",label0066,static candidate resolved; inspect caller and type-specific rules
shops-ep2/q901-bb-e,Episode2,0,9,253,npc,40,0,"[-26.677703857421875, 0.0, -23.001998901367188]","[0, -46904, 0]","[10.0, 0.0, 0.0, 0.0, 0.0, 1, 0]",,no DAT interaction label
shops-ep2/q901-bb-e,Episode2,0,11,253,npc,80,0,"[-34.14208984375, 0.0, 23.927526473999023]","[0, 17400, 0]","[0.0, 0.0, 0.0, 200.0, 200.0, 0, 0]",label00C8,static candidate resolved; inspect caller and type-specific rules
shops-ep2/q901-bb-e,Episode2,0,12,253,npc,80,0,"[-33.697265625, 0.0, -18.481124877929688]","[0, 15200, 0]","[0.0, 0.0, 0.0, 210.0, 210.0, 0, 0]",label00D2,static candidate resolved; inspect caller and type-specific rules
shops-ep2/q901-bb-e,Episode2,0,13,253,npc,80,0,"[-26.378662109375, 0.0, 0.463011234998703]","[0, 16400, 0]","[0.0, 0.0, 0.0, 220.0, 220.0, 0, 0]",label00DC,static candidate resolved; inspect caller and type-specific rules
shops-ep2/q901-bb-e,Episode2,0,14,253,npc,80,0,"[-33.498046875, 0.0, -30.827808380126953]","[0, 14000, 0]","[0.0, 0.0, 0.0, 230.0, 230.0, 0, 0]",label00E6,static candidate resolved; inspect caller and type-specific rules
solo-story-ep1/q027-bb-e,Episode2,0,20,253,npc,40,0,"[-18.0, 0.0, 0.0]","[0, 16384, 0]","[0.0, 0.0, 0.0, 130.0, 130.0, 0, 0]",label0082,static candidate resolved; inspect caller and type-specific rules
solo-story-ep1/q027-bb-e,Episode2,0,21,253,npc,40,0,"[-43.0, 0.0, 14.0]","[0, -8192, 0]","[10.0, 0.0, 0.0, 0.0, 0.0, 1, 0]",,no DAT interaction label
solo-story-ep1/q027-bb-e,Episode2,0,22,253,npc,40,0,"[-33.0, 0.0, -22.0]","[0, 4096, 0]","[10.0, 0.0, 0.0, 0.0, 0.0, 1, 0]",,no DAT interaction label
solo-story-ep1/q027-bb-j,Episode2,0,20,253,npc,40,0,"[-18.0, 0.0, 0.0]","[0, 16384, 0]","[0.0, 0.0, 0.0, 130.0, 130.0, 0, 0]",label0082,static candidate resolved; inspect caller and type-specific rules
solo-story-ep1/q027-bb-j,Episode2,0,21,253,npc,40,0,"[-43.0, 0.0, 14.0]","[0, -8192, 0]","[10.0, 0.0, 0.0, 0.0, 0.0, 1, 0]",,no DAT interaction label
solo-story-ep1/q027-bb-j,Episode2,0,22,253,npc,40,0,"[-33.0, 0.0, -22.0]","[0, 4096, 0]","[10.0, 0.0, 0.0, 0.0, 0.0, 1, 0]",,no DAT interaction label
