source,opcode,target,line
label0033,jmpi_ne,label0057,25
label0032,jmpi_eq,label0008,35
label002A,jmpi_le,label0021,47
label002A,jmp,label002A,50
label0037,call,label005B,56
label0037,va_call,label0041,61
label0026,jmpi_eq,label0034,138
label0026,jmpi_eq,label0034,139
label0026,jmpi_eq,label0034,140
label0017,jmpi_eq,label0034,146
label0017,jmpi_eq,label0034,147
label0017,jmpi_eq,label0034,148
label001A,jmpi_eq,label0034,154
label001A,jmpi_eq,label0034,155
label001A,jmpi_eq,label0034,156
label001D,jmpi_eq,label0034,162
label001D,jmpi_eq,label0034,163
label001D,jmpi_eq,label0034,164
label004E,call,label0026,174
label004E,jmpi_eq,label004E,175
label0044,call,label0017,181
label0044,jmpi_eq,label0044,182
label0049,call,label001A,188
label0049,jmpi_eq,label0049,189
label004F,call,label001D,195
label004F,jmpi_eq,label004F,196
label0045,va_call,label0033,209
label0010,thread_stg,label0011,214
label0011,call,label0016,219
label0011,jmpi_ne,label002C,220
label0011,jmpi_eq,label0011,224
label0011,call,label0031,225
label0014,va_call,label005A,233
label0014,jmpi_ne,label0059,236
label0014,jmpi_eq,label0012,238
label0059,jmpi_eq,label0012,246
label006E,jmpi_eq,label002D,251
label006E,va_call,label0014,255
label006E,jmpi_le,label0015,257
label002D,va_call,label0014,265
label0069,va_call,label003E,274
label005A,va_call,label0069,282
label005A,va_call,label003E,287
label003A,va_call,label0069,296
label003A,va_call,label003E,301
label000E,jmp_eq,label005C,341
start,set_qt_success,label005F,353
start,set_qt_failure,label004A,354
start,set_floor_handler,label0050,361
start,set_floor_handler,label0052,364
start,call,label0029,365
label0050,jmpi_eq,label004D,380
label0050,jmpi_eq,label0051,381
label0050,jmpi_eq,label0051,382
label0050,jmpi_eq,label0051,383
label0051,call,label0070,399
label0052,thread_stg,label002E,404
label046C,call,label0002,433
label046C,call,label0070,440
label046D,call,label0002,445
label046D,call,label0070,452
label046E,call,label0002,457
label046E,call,label0070,464
label046F,call,label0002,469
label046F,call,label0070,476
label0470,call,label0002,481
label0470,call,label0070,492
label0471,call,label0002,497
label0471,call,label0070,504
label0472,call,label0002,508
label0472,call,label0070,515
label0473,call,label0002,520
label0473,call,label0070,529
label0474,call,label0002,534
label0474,call,label0070,543
label0475,call,label0002,548
label0475,call,label0070,557
label0476,call,label0002,562
label0476,call,label0070,571
label04B0,call,label0002,576
label04B0,switch_jmp,label0066,586
label04B0,switch_jmp,label0067,586
label0067,call,label0070,603
label0477,call,label0002,608
label0477,jmpi_eq,label0071,609
label0477,jmpi_eq,label003C,610
label0477,jmpi_eq,label0043,611
label0477,jmpi_eq,label0007,612
label0477,jmpi_eq,label003C,613
label0477,jmpi_eq,label001B,614
label0477,jmpi_eq,label004B,615
label0477,switch_jmp,label000C,629
label0477,switch_jmp,label0046,629
label000C,call,label001F,632
label000C,jmpi_eq,label0046,633
label000C,jmpi_ge,label0027,635
label000C,switch_jmp,label001E,647
label000C,switch_jmp,label0042,647
label001E,call,label0070,657
label0042,call,label0070,666
label0046,call,label0070,677
label0027,call,label0070,690
label004B,switch_jmp,label000C,701
label004B,switch_jmp,label0046,701
label001B,switch_jmp,label006F,712
label001B,switch_jmp,label0042,712
label006F,call,label001F,716
label006F,jmpi_eq,label0018,717
label006F,jmpi_ge,label0003,719
label006F,call,label0070,727
label0018,call,label0070,737
label0003,call,label0070,749
label0022,switch_jmp,label001C,764
label0022,switch_jmp,label0004,764
label001C,call,label0070,775
label0004,call,label0070,784
label0071,jmp,label0022,792
label0043,call,label0070,802
label003C,call,label0070,810
label0457,jmpi_eq,label0001,822
label0457,thread_stg,label0035,831
label0457,thread_stg,label0013,832
label002E,jmpi_eq,label002F,845
label002E,jmp,label002E,846
label0035,jmpi_eq,label000F,858
label0035,jmpi_eq,label000F,859
label006A,jmpi_lt,label006A,865
label006A,jmp,label0024,872
label0024,jmpi_gt,label0035,875
label0024,call,label0002,880
label0024,call,label0070,889
label0013,jmpi_eq,label0001,896
label0013,jmpi_eq,label0001,897
label0013,jmpi_ne,label0072,902
label0013,jmp,label0013,903
label0072,call,label0002,907
label0072,call,label0070,915
label0478,call,label0002,920
label0478,jmpi_eq,label0068,921
label0478,jmpi_eq,label0068,922
label0478,jmpi_eq,label000D,923
label0478,jmpi_eq,label0030,924
label005D,call,label0070,931
label000B,switch_jmp,label0020,944
label000B,switch_jmp,label003D,944
label000B,switch_jmp,label0053,944
label000B,switch_jmp,label0009,944
label0020,jmp,label000B,954
label003D,jmp,label000B,964
label0053,jmp,label000B,982
label0009,call,label0070,990
label000D,call,label0070,998
label0068,call,label0070,1006
label047F,call,label0002,1011
label047F,jmpi_eq,label0047,1012
label047F,jmpi_eq,label0055,1013
label047F,jmpi_eq,label0060,1014
label047F,jmpi_ge,label0063,1015
label047F,jmpi_eq,label0040,1016
label0028,switch_jmp,label0039,1036
label0028,switch_jmp,label004C,1036
label0028,switch_jmp,label006B,1036
label0028,switch_jmp,label0019,1036
label0028,switch_jmp,label0025,1036
label0039,jmp,label0028,1054
label004C,jmp,label0028,1074
label006B,jmp,label0028,1092
label0019,jmp,label0028,1112
label0005,switch_jmp,label002B,1126
label0005,switch_jmp,label000A,1126
label0005,switch_jmp,label005E,1126
label002B,call,label001F,1130
label002B,jmpi_eq,label0054,1131
label002B,va_call,label0033,1143
label002B,call,label0070,1145
label0054,call,label0070,1158
label000A,call,label0070,1169
label005E,call,label0070,1183
label0063,call,label0070,1191
label006D,switch_jmp,label0056,1210
label006D,switch_jmp,label0061,1210
label0061,call,label0070,1219
label0056,call,label0070,1232
label0047,jmp,label006D,1240
label0060,jmp,label006D,1254
label006C,switch_jmp,label0048,1264
label006C,switch_jmp,label0036,1264
