quest,floor,index,full_DAT_fields
challenge-ep1/c88107-bb-e,8,87,"{""base_type"": 331, ""set_flags"": 0, ""runtime_index"": 1909, ""file_offset"": 7376, ""floor_field"": 8, ""entity_id_field"": 19010, ""group"": 0, ""room"": 23, ""unknown_a3"": 0, ""position"": [0.0, 0.0, 176.599853515625], ""angles"": [0, 0, 0], ""params"": [1.0, 1.0, 1.0, 104, 0, 0], ""unused_pointer"": 2365233152}"
challenge-ep1/c88107-bb-e,8,124,"{""base_type"": 331, ""set_flags"": 0, ""runtime_index"": 2245, ""file_offset"": 9892, ""floor_field"": 8, ""entity_id_field"": 22172, ""group"": 0, ""room"": 31, ""unknown_a3"": 0, ""position"": [75.0, 0.0, 176.599853515625], ""angles"": [0, 0, 0], ""params"": [1.0, 1.0, 1.0, 90, 0, 0], ""unused_pointer"": 2365289472}"
challenge-ep1/c88107-bb-e,8,132,"{""base_type"": 331, ""set_flags"": 0, ""runtime_index"": 2248, ""file_offset"": 10436, ""floor_field"": 8, ""entity_id_field"": 22183, ""group"": 0, ""room"": 40, ""unknown_a3"": 0, ""position"": [176.60006713867188, 0.0, -75.0], ""angles"": [0, -16384, 0], ""params"": [1.0, 1.0, 1.0, 90, 0, 0], ""unused_pointer"": 2365289776}"
challenge-ep1/c88107-bb-e,8,196,"{""base_type"": 331, ""set_flags"": 0, ""runtime_index"": 1925, ""file_offset"": 14788, ""floor_field"": 8, ""entity_id_field"": 18398, ""group"": 0, ""room"": 65, ""unknown_a3"": 0, ""position"": [176.60009765625, 0.0, 75.0], ""angles"": [0, 49152, 0], ""params"": [1.0, 1.0, 1.0, 120, 0, -1], ""unused_pointer"": 2365259328}"
challenge-ep1/c88107-bb-e,10,59,"{""base_type"": 331, ""set_flags"": 0, ""runtime_index"": 2123, ""file_offset"": 27672, ""floor_field"": 8, ""entity_id_field"": 18352, ""group"": 0, ""room"": 12, ""unknown_a3"": 0, ""position"": [0.0, 0.0, -126.60009765625], ""angles"": [0, 0, 0], ""params"": [1.0, 1.0, 1.0, 242, 0, -1], ""unused_pointer"": 2365171200}"
challenge-ep1/c88107-bb-e,10,72,"{""base_type"": 331, ""set_flags"": 2, ""runtime_index"": 1244, ""file_offset"": 28556, ""floor_field"": 8, ""entity_id_field"": 18338, ""group"": 0, ""room"": 21, ""unknown_a3"": 0, ""position"": [126.5999755859375, 0.0, 0.0], ""angles"": [0, 49152, 0], ""params"": [1.0, 1.0, 1.0, 248, 0, -1], ""unused_pointer"": 2365278352}"
challenge-ep1/c88107-bb-e,10,73,"{""base_type"": 331, ""set_flags"": 2, ""runtime_index"": 1245, ""file_offset"": 28624, ""floor_field"": 8, ""entity_id_field"": 18339, ""group"": 0, ""room"": 21, ""unknown_a3"": 0, ""position"": [0.0, 0.0, -176.60003662109375], ""angles"": [0, 0, 0], ""params"": [1.0, 1.0, 1.0, 246, 0, -1], ""unused_pointer"": 2365278656}"
challenge-ep1/c88107-bb-e,10,126,"{""base_type"": 331, ""set_flags"": 0, ""runtime_index"": 2049, ""file_offset"": 32228, ""floor_field"": 8, ""entity_id_field"": 21439, ""group"": 0, ""room"": 31, ""unknown_a3"": 0, ""position"": [-75.0, 0.0, 176.5999755859375], ""angles"": [0, 0, 0], ""params"": [1.0, 1.0, 1.0, 244, 0, -1], ""unused_pointer"": 2365163744}"
challenge-ep1/c88107-bb-e,10,142,"{""base_type"": 331, ""set_flags"": 0, ""runtime_index"": 2129, ""file_offset"": 33316, ""floor_field"": 8, ""entity_id_field"": 23823, ""group"": 0, ""room"": 45, ""unknown_a3"": 0, ""position"": [-75.0, 0.0, -176.60009765625], ""angles"": [0, -32768, 0], ""params"": [1.0, 1.0, 1.0, 242, 0, -1], ""unused_pointer"": 2365286816}"
challenge-ep1/c88107-bb-e,12,43,"{""base_type"": 331, ""set_flags"": 0, ""runtime_index"": 1983, ""file_offset"": 47968, ""floor_field"": 8, ""entity_id_field"": 18881, ""group"": 0, ""room"": 6, ""unknown_a3"": 0, ""position"": [-76.5999755859375, 0.0, 0.0], ""angles"": [0, -16384, 0], ""params"": [1.0, 1.0, 1.0, 104, 0, 0], ""unused_pointer"": 2365145520}"
challenge-ep1/c88107-bb-e,12,48,"{""base_type"": 331, ""set_flags"": 0, ""runtime_index"": 1982, ""file_offset"": 48308, ""floor_field"": 8, ""entity_id_field"": 18866, ""group"": 0, ""room"": 8, ""unknown_a3"": 0, ""position"": [0.0, 0.0, 76.599853515625], ""angles"": [0, 0, 0], ""params"": [1.0, 1.0, 1.0, 102, 0, 0], ""unused_pointer"": 2365157632}"
challenge-ep1/c88107-bb-e,12,58,"{""base_type"": 331, ""set_flags"": 0, ""runtime_index"": 1940, ""file_offset"": 48988, ""floor_field"": 8, ""entity_id_field"": 18351, ""group"": 0, ""room"": 10, ""unknown_a3"": 0, ""position"": [126.5999755859375, 0.0, 0.0], ""angles"": [0, 16384, 0], ""params"": [1.0, 1.0, 1.0, 100, 0, -1], ""unused_pointer"": 2365170864}"
challenge-ep1/c88107-bb-e,12,105,"{""base_type"": 331, ""set_flags"": 0, ""runtime_index"": 1962, ""file_offset"": 52184, ""floor_field"": 8, ""entity_id_field"": 19318, ""group"": 0, ""room"": 13, ""unknown_a3"": 0, ""position"": [-126.60009765625, 0.0, 0.0], ""angles"": [0, 16384, 0], ""params"": [1.0, 1.0, 1.0, 106, 0, 0], ""unused_pointer"": 2365141680}"
challenge-ep1/c88107-bb-e,12,163,"{""base_type"": 331, ""set_flags"": 2, ""runtime_index"": 1335, ""file_offset"": 56128, ""floor_field"": 8, ""entity_id_field"": 18698, ""group"": 0, ""room"": 50, ""unknown_a3"": 0, ""position"": [-176.59999084472656, 0.0, 75.00000762939453], ""angles"": [0, -16383, 0], ""params"": [1.0, 1.0, 1.0, 108, 0, 0], ""unused_pointer"": 2365143104}"
challenge-ep1/c88107-bb-e,12,176,"{""base_type"": 331, ""set_flags"": 0, ""runtime_index"": 1936, ""file_offset"": 57012, ""floor_field"": 8, ""entity_id_field"": 18541, ""group"": 0, ""room"": 60, ""unknown_a3"": 0, ""position"": [176.60009765625, 0.0, -75.0], ""angles"": [0, -16384, 0], ""params"": [1.0, 1.0, 1.0, 100, 0, -1], ""unused_pointer"": 2365146304}"
challenge-ep1/c88107-bb-e,12,178,"{""base_type"": 331, ""set_flags"": 2, ""runtime_index"": 1357, ""file_offset"": 57148, ""floor_field"": 8, ""entity_id_field"": 17741, ""group"": 0, ""room"": 65, ""unknown_a3"": 0, ""position"": [-75.00006103515625, 0.0, -176.5999755859375], ""angles"": [0, 0, 0], ""params"": [1.0, 1.0, 1.0, 102, 0, 0], ""unused_pointer"": 2365312480}"
challenge-ep1/c88107-bb-e,12,180,"{""base_type"": 331, ""set_flags"": 2, ""runtime_index"": 1359, ""file_offset"": 57284, ""floor_field"": 8, ""entity_id_field"": 17743, ""group"": 0, ""room"": 65, ""unknown_a3"": 0, ""position"": [-75.00006103515625, 0.0, 176.5999755859375], ""angles"": [0, 0, 0], ""params"": [1.0, 1.0, 1.0, 102, 0, 0], ""unused_pointer"": 2365313072}"
challenge-ep1/c88107-bb-j,8,87,"{""base_type"": 331, ""set_flags"": 0, ""runtime_index"": 1909, ""file_offset"": 7376, ""floor_field"": 8, ""entity_id_field"": 19010, ""group"": 0, ""room"": 23, ""unknown_a3"": 0, ""position"": [0.0, 0.0, 176.599853515625], ""angles"": [0, 0, 0], ""params"": [1.0, 1.0, 1.0, 104, 0, 0], ""unused_pointer"": 2365233152}"
challenge-ep1/c88107-bb-j,8,124,"{""base_type"": 331, ""set_flags"": 0, ""runtime_index"": 2245, ""file_offset"": 9892, ""floor_field"": 8, ""entity_id_field"": 22172, ""group"": 0, ""room"": 31, ""unknown_a3"": 0, ""position"": [75.0, 0.0, 176.599853515625], ""angles"": [0, 0, 0], ""params"": [1.0, 1.0, 1.0, 90, 0, 0], ""unused_pointer"": 2365289472}"
challenge-ep1/c88107-bb-j,8,132,"{""base_type"": 331, ""set_flags"": 0, ""runtime_index"": 2248, ""file_offset"": 10436, ""floor_field"": 8, ""entity_id_field"": 22183, ""group"": 0, ""room"": 40, ""unknown_a3"": 0, ""position"": [176.60006713867188, 0.0, -75.0], ""angles"": [0, -16384, 0], ""params"": [1.0, 1.0, 1.0, 90, 0, 0], ""unused_pointer"": 2365289776}"
challenge-ep1/c88107-bb-j,8,196,"{""base_type"": 331, ""set_flags"": 0, ""runtime_index"": 1925, ""file_offset"": 14788, ""floor_field"": 8, ""entity_id_field"": 18398, ""group"": 0, ""room"": 65, ""unknown_a3"": 0, ""position"": [176.60009765625, 0.0, 75.0], ""angles"": [0, 49152, 0], ""params"": [1.0, 1.0, 1.0, 120, 0, -1], ""unused_pointer"": 2365259328}"
challenge-ep1/c88107-bb-j,10,59,"{""base_type"": 331, ""set_flags"": 0, ""runtime_index"": 2123, ""file_offset"": 27672, ""floor_field"": 8, ""entity_id_field"": 18352, ""group"": 0, ""room"": 12, ""unknown_a3"": 0, ""position"": [0.0, 0.0, -126.60009765625], ""angles"": [0, 0, 0], ""params"": [1.0, 1.0, 1.0, 242, 0, -1], ""unused_pointer"": 2365171200}"
challenge-ep1/c88107-bb-j,10,72,"{""base_type"": 331, ""set_flags"": 2, ""runtime_index"": 1244, ""file_offset"": 28556, ""floor_field"": 8, ""entity_id_field"": 18338, ""group"": 0, ""room"": 21, ""unknown_a3"": 0, ""position"": [126.5999755859375, 0.0, 0.0], ""angles"": [0, 49152, 0], ""params"": [1.0, 1.0, 1.0, 248, 0, -1], ""unused_pointer"": 2365278352}"
challenge-ep1/c88107-bb-j,10,73,"{""base_type"": 331, ""set_flags"": 2, ""runtime_index"": 1245, ""file_offset"": 28624, ""floor_field"": 8, ""entity_id_field"": 18339, ""group"": 0, ""room"": 21, ""unknown_a3"": 0, ""position"": [0.0, 0.0, -176.60003662109375], ""angles"": [0, 0, 0], ""params"": [1.0, 1.0, 1.0, 246, 0, -1], ""unused_pointer"": 2365278656}"
challenge-ep1/c88107-bb-j,10,126,"{""base_type"": 331, ""set_flags"": 0, ""runtime_index"": 2049, ""file_offset"": 32228, ""floor_field"": 8, ""entity_id_field"": 21439, ""group"": 0, ""room"": 31, ""unknown_a3"": 0, ""position"": [-75.0, 0.0, 176.5999755859375], ""angles"": [0, 0, 0], ""params"": [1.0, 1.0, 1.0, 244, 0, -1], ""unused_pointer"": 2365163744}"
challenge-ep1/c88107-bb-j,10,142,"{""base_type"": 331, ""set_flags"": 0, ""runtime_index"": 2129, ""file_offset"": 33316, ""floor_field"": 8, ""entity_id_field"": 23823, ""group"": 0, ""room"": 45, ""unknown_a3"": 0, ""position"": [-75.0, 0.0, -176.60009765625], ""angles"": [0, -32768, 0], ""params"": [1.0, 1.0, 1.0, 242, 0, -1], ""unused_pointer"": 2365286816}"
challenge-ep1/c88107-bb-j,12,43,"{""base_type"": 331, ""set_flags"": 0, ""runtime_index"": 1983, ""file_offset"": 47968, ""floor_field"": 8, ""entity_id_field"": 18881, ""group"": 0, ""room"": 6, ""unknown_a3"": 0, ""position"": [-76.5999755859375, 0.0, 0.0], ""angles"": [0, -16384, 0], ""params"": [1.0, 1.0, 1.0, 104, 0, 0], ""unused_pointer"": 2365145520}"
challenge-ep1/c88107-bb-j,12,48,"{""base_type"": 331, ""set_flags"": 0, ""runtime_index"": 1982, ""file_offset"": 48308, ""floor_field"": 8, ""entity_id_field"": 18866, ""group"": 0, ""room"": 8, ""unknown_a3"": 0, ""position"": [0.0, 0.0, 76.599853515625], ""angles"": [0, 0, 0], ""params"": [1.0, 1.0, 1.0, 102, 0, 0], ""unused_pointer"": 2365157632}"
challenge-ep1/c88107-bb-j,12,58,"{""base_type"": 331, ""set_flags"": 0, ""runtime_index"": 1940, ""file_offset"": 48988, ""floor_field"": 8, ""entity_id_field"": 18351, ""group"": 0, ""room"": 10, ""unknown_a3"": 0, ""position"": [126.5999755859375, 0.0, 0.0], ""angles"": [0, 16384, 0], ""params"": [1.0, 1.0, 1.0, 100, 0, -1], ""unused_pointer"": 2365170864}"
challenge-ep1/c88107-bb-j,12,105,"{""base_type"": 331, ""set_flags"": 0, ""runtime_index"": 1962, ""file_offset"": 52184, ""floor_field"": 8, ""entity_id_field"": 19318, ""group"": 0, ""room"": 13, ""unknown_a3"": 0, ""position"": [-126.60009765625, 0.0, 0.0], ""angles"": [0, 16384, 0], ""params"": [1.0, 1.0, 1.0, 106, 0, 0], ""unused_pointer"": 2365141680}"
challenge-ep1/c88107-bb-j,12,163,"{""base_type"": 331, ""set_flags"": 2, ""runtime_index"": 1335, ""file_offset"": 56128, ""floor_field"": 8, ""entity_id_field"": 18698, ""group"": 0, ""room"": 50, ""unknown_a3"": 0, ""position"": [-176.59999084472656, 0.0, 75.00000762939453], ""angles"": [0, -16383, 0], ""params"": [1.0, 1.0, 1.0, 108, 0, 0], ""unused_pointer"": 2365143104}"
challenge-ep1/c88107-bb-j,12,176,"{""base_type"": 331, ""set_flags"": 0, ""runtime_index"": 1936, ""file_offset"": 57012, ""floor_field"": 8, ""entity_id_field"": 18541, ""group"": 0, ""room"": 60, ""unknown_a3"": 0, ""position"": [176.60009765625, 0.0, -75.0], ""angles"": [0, -16384, 0], ""params"": [1.0, 1.0, 1.0, 100, 0, -1], ""unused_pointer"": 2365146304}"
challenge-ep1/c88107-bb-j,12,178,"{""base_type"": 331, ""set_flags"": 2, ""runtime_index"": 1357, ""file_offset"": 57148, ""floor_field"": 8, ""entity_id_field"": 17741, ""group"": 0, ""room"": 65, ""unknown_a3"": 0, ""position"": [-75.00006103515625, 0.0, -176.5999755859375], ""angles"": [0, 0, 0], ""params"": [1.0, 1.0, 1.0, 102, 0, 0], ""unused_pointer"": 2365312480}"
challenge-ep1/c88107-bb-j,12,180,"{""base_type"": 331, ""set_flags"": 2, ""runtime_index"": 1359, ""file_offset"": 57284, ""floor_field"": 8, ""entity_id_field"": 17743, ""group"": 0, ""room"": 65, ""unknown_a3"": 0, ""position"": [-75.00006103515625, 0.0, 176.5999755859375], ""angles"": [0, 0, 0], ""params"": [1.0, 1.0, 1.0, 102, 0, 0], ""unused_pointer"": 2365313072}"
challenge-ep1/c88108-bb-e,9,22,"{""base_type"": 331, ""set_flags"": 0, ""runtime_index"": 1959, ""file_offset"": 2956, ""floor_field"": 9, ""entity_id_field"": 18417, ""group"": 0, ""room"": 2, ""unknown_a3"": 0, ""position"": [0.0, 0.0, -76.60009765625], ""angles"": [0, 0, 0], ""params"": [1.000000238418579, 1.000000238418579, 1.000000238418579, 100, 0, 0], ""unused_pointer"": 2365148112}"
challenge-ep1/c88108-bb-e,9,82,"{""base_type"": 331, ""set_flags"": 0, ""runtime_index"": 1987, ""file_offset"": 7036, ""floor_field"": 9, ""entity_id_field"": 18424, ""group"": 0, ""room"": 23, ""unknown_a3"": 0, ""position"": [0.0, 0.0, 126.599853515625], ""angles"": [0, 0, 0], ""params"": [1.0, 1.0, 1.0, 102, 0, 0], ""unused_pointer"": 2365223648}"
challenge-ep1/c88108-bb-e,9,110,"{""base_type"": 331, ""set_flags"": 0, ""runtime_index"": 1958, ""file_offset"": 8940, ""floor_field"": 9, ""entity_id_field"": 18378, ""group"": 0, ""room"": 40, ""unknown_a3"": 0, ""position"": [-75.0045166015625, 0.0, 176.60055541992188], ""angles"": [0, 0, 0], ""params"": [1.000000238418579, 1.000000238418579, 1.000000238418579, 100, 0, 0], ""unused_pointer"": 2365149200}"
challenge-ep1/c88108-bb-e,9,127,"{""base_type"": 331, ""set_flags"": 0, ""runtime_index"": 2090, ""file_offset"": 10096, ""floor_field"": 9, ""entity_id_field"": 19391, ""group"": 0, ""room"": 42, ""unknown_a3"": 0, ""position"": [176.6005859375, 0.0, 75.0], ""angles"": [0, 16384, 0], ""params"": [1.000000238418579, 1.000000238418579, 1.000000238418579, 106, 0, 0], ""unused_pointer"": 2365156784}"
challenge-ep1/c88108-bb-e,11,74,"{""base_type"": 331, ""set_flags"": 2, ""runtime_index"": 1480, ""file_offset"": 28828, ""floor_field"": 9, ""entity_id_field"": 17864, ""group"": 0, ""room"": 20, ""unknown_a3"": 0, ""position"": [-126.60009765625, 0.0, 0.0], ""angles"": [0, 49152, 0], ""params"": [1.0, 1.0, 1.0, 102, 0, 0], ""unused_pointer"": 2365256224}"
challenge-ep1/c88108-bb-e,11,96,"{""base_type"": 331, ""set_flags"": 0, ""runtime_index"": 1965, ""file_offset"": 30324, ""floor_field"": 9, ""entity_id_field"": 18414, ""group"": 0, ""room"": 30, ""unknown_a3"": 0, ""position"": [-126.5999755859375, 0.0, 0.0], ""angles"": [0, 49152, 0], ""params"": [1.0, 1.0, 1.0, 100, 0, 0], ""unused_pointer"": 2365145744}"
challenge-ep1/c88108-bb-e,13,114,"{""base_type"": 331, ""set_flags"": 0, ""runtime_index"": 2075, ""file_offset"": 53340, ""floor_field"": 9, ""entity_id_field"": 20241, ""group"": 0, ""room"": 22, ""unknown_a3"": 0, ""position"": [126.599853515625, 0.0, 0.0], ""angles"": [0, 16384, 0], ""params"": [1.0, 1.0, 1.0, 120, 0, 0], ""unused_pointer"": 2365145984}"
challenge-ep1/c88108-bb-e,13,123,"{""base_type"": 331, ""set_flags"": 0, ""runtime_index"": 1961, ""file_offset"": 53952, ""floor_field"": 9, ""entity_id_field"": 18437, ""group"": 0, ""room"": 23, ""unknown_a3"": 0, ""position"": [126.599609375, 0.0, 0.0], ""angles"": [0, 16384, 0], ""params"": [1.0, 1.0, 1.0, 122, 0, 0], ""unused_pointer"": 2365218320}"
challenge-ep1/c88108-bb-e,13,131,"{""base_type"": 331, ""set_flags"": 0, ""runtime_index"": 2052, ""file_offset"": 54496, ""floor_field"": 9, ""entity_id_field"": 19943, ""group"": 0, ""room"": 24, ""unknown_a3"": 0, ""position"": [126.599853515625, 0.0, 0.0], ""angles"": [0, 49152, 0], ""params"": [1.0, 1.0, 1.0, 106, 0, -1], ""unused_pointer"": 2365145984}"
challenge-ep1/c88108-bb-e,13,169,"{""base_type"": 331, ""set_flags"": 0, ""runtime_index"": 1960, ""file_offset"": 57080, ""floor_field"": 9, ""entity_id_field"": 18390, ""group"": 0, ""room"": 40, ""unknown_a3"": 0, ""position"": [-75.0, 0.0, 176.60009765625], ""angles"": [0, 0, 0], ""params"": [1.0, 1.0, 1.0, 104, 0, 0], ""unused_pointer"": 2365147328}"
challenge-ep1/c88108-bb-j,9,22,"{""base_type"": 331, ""set_flags"": 0, ""runtime_index"": 1959, ""file_offset"": 2956, ""floor_field"": 9, ""entity_id_field"": 18417, ""group"": 0, ""room"": 2, ""unknown_a3"": 0, ""position"": [0.0, 0.0, -76.60009765625], ""angles"": [0, 0, 0], ""params"": [1.000000238418579, 1.000000238418579, 1.000000238418579, 100, 0, 0], ""unused_pointer"": 2365148112}"
challenge-ep1/c88108-bb-j,9,82,"{""base_type"": 331, ""set_flags"": 0, ""runtime_index"": 1987, ""file_offset"": 7036, ""floor_field"": 9, ""entity_id_field"": 18424, ""group"": 0, ""room"": 23, ""unknown_a3"": 0, ""position"": [0.0, 0.0, 126.599853515625], ""angles"": [0, 0, 0], ""params"": [1.0, 1.0, 1.0, 102, 0, 0], ""unused_pointer"": 2365223648}"
challenge-ep1/c88108-bb-j,9,110,"{""base_type"": 331, ""set_flags"": 0, ""runtime_index"": 1958, ""file_offset"": 8940, ""floor_field"": 9, ""entity_id_field"": 18378, ""group"": 0, ""room"": 40, ""unknown_a3"": 0, ""position"": [-75.0045166015625, 0.0, 176.60055541992188], ""angles"": [0, 0, 0], ""params"": [1.000000238418579, 1.000000238418579, 1.000000238418579, 100, 0, 0], ""unused_pointer"": 2365149200}"
challenge-ep1/c88108-bb-j,9,127,"{""base_type"": 331, ""set_flags"": 0, ""runtime_index"": 2090, ""file_offset"": 10096, ""floor_field"": 9, ""entity_id_field"": 19391, ""group"": 0, ""room"": 42, ""unknown_a3"": 0, ""position"": [176.6005859375, 0.0, 75.0], ""angles"": [0, 16384, 0], ""params"": [1.000000238418579, 1.000000238418579, 1.000000238418579, 106, 0, 0], ""unused_pointer"": 2365156784}"
challenge-ep1/c88108-bb-j,11,74,"{""base_type"": 331, ""set_flags"": 2, ""runtime_index"": 1480, ""file_offset"": 28828, ""floor_field"": 9, ""entity_id_field"": 17864, ""group"": 0, ""room"": 20, ""unknown_a3"": 0, ""position"": [-126.60009765625, 0.0, 0.0], ""angles"": [0, 49152, 0], ""params"": [1.0, 1.0, 1.0, 102, 0, 0], ""unused_pointer"": 2365256224}"
challenge-ep1/c88108-bb-j,11,96,"{""base_type"": 331, ""set_flags"": 0, ""runtime_index"": 1965, ""file_offset"": 30324, ""floor_field"": 9, ""entity_id_field"": 18414, ""group"": 0, ""room"": 30, ""unknown_a3"": 0, ""position"": [-126.5999755859375, 0.0, 0.0], ""angles"": [0, 49152, 0], ""params"": [1.0, 1.0, 1.0, 100, 0, 0], ""unused_pointer"": 2365145744}"
challenge-ep1/c88108-bb-j,13,114,"{""base_type"": 331, ""set_flags"": 0, ""runtime_index"": 2075, ""file_offset"": 53340, ""floor_field"": 9, ""entity_id_field"": 20241, ""group"": 0, ""room"": 22, ""unknown_a3"": 0, ""position"": [126.599853515625, 0.0, 0.0], ""angles"": [0, 16384, 0], ""params"": [1.0, 1.0, 1.0, 120, 0, 0], ""unused_pointer"": 2365145984}"
challenge-ep1/c88108-bb-j,13,123,"{""base_type"": 331, ""set_flags"": 0, ""runtime_index"": 1961, ""file_offset"": 53952, ""floor_field"": 9, ""entity_id_field"": 18437, ""group"": 0, ""room"": 23, ""unknown_a3"": 0, ""position"": [126.599609375, 0.0, 0.0], ""angles"": [0, 16384, 0], ""params"": [1.0, 1.0, 1.0, 122, 0, 0], ""unused_pointer"": 2365218320}"
challenge-ep1/c88108-bb-j,13,131,"{""base_type"": 331, ""set_flags"": 0, ""runtime_index"": 2052, ""file_offset"": 54496, ""floor_field"": 9, ""entity_id_field"": 19943, ""group"": 0, ""room"": 24, ""unknown_a3"": 0, ""position"": [126.599853515625, 0.0, 0.0], ""angles"": [0, 49152, 0], ""params"": [1.0, 1.0, 1.0, 106, 0, -1], ""unused_pointer"": 2365145984}"
challenge-ep1/c88108-bb-j,13,169,"{""base_type"": 331, ""set_flags"": 0, ""runtime_index"": 1960, ""file_offset"": 57080, ""floor_field"": 9, ""entity_id_field"": 18390, ""group"": 0, ""room"": 40, ""unknown_a3"": 0, ""position"": [-75.0, 0.0, 176.60009765625], ""angles"": [0, 0, 0], ""params"": [1.0, 1.0, 1.0, 104, 0, 0], ""unused_pointer"": 2365147328}"
challenge-ep1/c88109-bb-e,1,65,"{""base_type"": 331, ""set_flags"": 0, ""runtime_index"": 2044, ""file_offset"": 5880, ""floor_field"": 10, ""entity_id_field"": 21062, ""group"": 0, ""room"": 22, ""unknown_a3"": 0, ""position"": [0.0, 0.0, 126.60009765625], ""angles"": [0, 0, 0], ""params"": [1.0, 1.0, 1.0, 96, 0, -1], ""unused_pointer"": 2365146304}"
challenge-ep1/c88109-bb-e,1,73,"{""base_type"": 331, ""set_flags"": 0, ""runtime_index"": 2025, ""file_offset"": 6424, ""floor_field"": 10, ""entity_id_field"": 20140, ""group"": 0, ""room"": 30, ""unknown_a3"": 0, ""position"": [126.60006713867188, 0.0, 0.0], ""angles"": [0, 16384, 0], ""params"": [1.000000238418579, 1.0, 1.0, 94, 0, 0], ""unused_pointer"": 2365204832}"
challenge-ep1/c88109-bb-e,1,119,"{""base_type"": 331, ""set_flags"": 2, ""runtime_index"": 1723, ""file_offset"": 9552, ""floor_field"": 10, ""entity_id_field"": 18107, ""group"": 0, ""room"": 70, ""unknown_a3"": 0, ""position"": [-176.60494995117188, 0.0, -74.9989013671875], ""angles"": [0, 49152, 0], ""params"": [1.0, 1.0, 1.0, 90, 0, 0], ""unused_pointer"": 2365304640}"
challenge-ep1/c88109-bb-e,1,125,"{""base_type"": 331, ""set_flags"": 2, ""runtime_index"": 1729, ""file_offset"": 9960, ""floor_field"": 10, ""entity_id_field"": 18113, ""group"": 0, ""room"": 70, ""unknown_a3"": 0, ""position"": [-74.99917602539062, 0.0, 176.60009765625], ""angles"": [0, 0, 0], ""params"": [1.0, 1.0, 1.0, 92, 0, 0], ""unused_pointer"": 2365306624}"
challenge-ep1/c88109-bb-e,3,89,"{""base_type"": 331, ""set_flags"": 2, ""runtime_index"": 1692, ""file_offset"": 31072, ""floor_field"": 10, ""entity_id_field"": 18076, ""group"": 0, ""room"": 23, ""unknown_a3"": 0, ""position"": [0.0, 0.0, 126.60009765625], ""angles"": [0, 0, 0], ""params"": [1.0, 1.0, 1.0, 108, 0, 0], ""unused_pointer"": 2365295024}"
challenge-ep1/c88109-bb-e,3,135,"{""base_type"": 331, ""set_flags"": 0, ""runtime_index"": 1655, ""file_offset"": 34200, ""floor_field"": 10, ""entity_id_field"": 19915, ""group"": 0, ""room"": 41, ""unknown_a3"": 0, ""position"": [-75.0, 0.0, -176.60009765625], ""angles"": [0, 0, 0], ""params"": [1.0, 1.0, 1.0, 90, 0, 0], ""unused_pointer"": 2365203936}"
challenge-ep1/c88109-bb-e,3,202,"{""base_type"": 331, ""set_flags"": 0, ""runtime_index"": 1962, ""file_offset"": 38756, ""floor_field"": 10, ""entity_id_field"": 18517, ""group"": 0, ""room"": 70, ""unknown_a3"": 0, ""position"": [-75.00283813476562, 0.0, -176.59716796875], ""angles"": [0, 0, 0], ""params"": [1.0, 1.0, 1.0, 100, 0, 0], ""unused_pointer"": 2365237168}"
challenge-ep1/c88109-bb-e,3,203,"{""base_type"": 331, ""set_flags"": 0, ""runtime_index"": 2147, ""file_offset"": 38824, ""floor_field"": 10, ""entity_id_field"": 18518, ""group"": 0, ""room"": 70, ""unknown_a3"": 0, ""position"": [74.99717712402344, 0.0, -176.59716796875], ""angles"": [0, 0, 0], ""params"": [1.0, 1.0, 1.0, 102, 0, -1], ""unused_pointer"": 2365237472}"
challenge-ep1/c88109-bb-e,4,107,"{""base_type"": 331, ""set_flags"": 0, ""runtime_index"": 1776, ""file_offset"": 47476, ""floor_field"": 10, ""entity_id_field"": 18264, ""group"": 0, ""room"": 85, ""unknown_a3"": 0, ""position"": [-0.003997802734375, 0.0, -186.595458984375], ""angles"": [0, 0, 0], ""params"": [1.0, 1.0, 1.0, 51, 0, 0], ""unused_pointer"": 2365289488}"
challenge-ep1/c88109-bb-e,5,51,"{""base_type"": 331, ""set_flags"": 0, ""runtime_index"": 1975, ""file_offset"": 52252, ""floor_field"": 10, ""entity_id_field"": 18734, ""group"": 0, ""room"": 6, ""unknown_a3"": 0, ""position"": [76.60009765625, 0.0, 0.0], ""angles"": [0, 49152, 0], ""params"": [1.0, 1.0, 1.0, 230, 0, -1], ""unused_pointer"": 2365261952}"
challenge-ep1/c88109-bb-e,5,96,"{""base_type"": 331, ""set_flags"": 2, ""runtime_index"": 1704, ""file_offset"": 55312, ""floor_field"": 10, ""entity_id_field"": 18780, ""group"": 0, ""room"": 21, ""unknown_a3"": 0, ""position"": [0.0, 0.0, -126.60009765625], ""angles"": [0, 0, 0], ""params"": [1.0, 1.0, 1.0, 100, 0, 0], ""unused_pointer"": 2365283584}"
challenge-ep1/c88109-bb-e,5,105,"{""base_type"": 331, ""set_flags"": 0, ""runtime_index"": 2085, ""file_offset"": 55924, ""floor_field"": 10, ""entity_id_field"": 18789, ""group"": 0, ""room"": 22, ""unknown_a3"": 0, ""position"": [126.60009765625, 0.0, 0.0], ""angles"": [0, 16384, 0], ""params"": [1.0, 1.0, 1.0, 185, 0, -1], ""unused_pointer"": 2365287744}"
challenge-ep1/c88109-bb-e,5,153,"{""base_type"": 331, ""set_flags"": 2, ""runtime_index"": 1761, ""file_offset"": 59188, ""floor_field"": 10, ""entity_id_field"": 18837, ""group"": 0, ""room"": 41, ""unknown_a3"": 0, ""position"": [-176.5999755859375, 0.0, 75.0], ""angles"": [0, 16384, 0], ""params"": [1.0, 1.0, 1.0, 90, 0, 0], ""unused_pointer"": 2365306240}"
challenge-ep1/c88109-bb-e,5,169,"{""base_type"": 331, ""set_flags"": 0, ""runtime_index"": 1617, ""file_offset"": 60276, ""floor_field"": 10, ""entity_id_field"": 18853, ""group"": 0, ""room"": 42, ""unknown_a3"": 0, ""position"": [-75.0, 0.0, -176.599609375], ""angles"": [0, 0, 0], ""params"": [1.0, 1.0, 1.0, 92, 0, 0], ""unused_pointer"": 2365311072}"
challenge-ep1/c88109-bb-e,5,221,"{""base_type"": 331, ""set_flags"": 2, ""runtime_index"": 1823, ""file_offset"": 63812, ""floor_field"": 10, ""entity_id_field"": 18906, ""group"": 0, ""room"": 75, ""unknown_a3"": 0, ""position"": [-75.01698303222656, 0.0, -176.59263610839844], ""angles"": [0, 1, 0], ""params"": [1.0, 1.0, 1.0, 185, 0, -1], ""unused_pointer"": 2365334848}"
challenge-ep1/c88109-bb-j,1,65,"{""base_type"": 331, ""set_flags"": 0, ""runtime_index"": 2044, ""file_offset"": 5880, ""floor_field"": 10, ""entity_id_field"": 21062, ""group"": 0, ""room"": 22, ""unknown_a3"": 0, ""position"": [0.0, 0.0, 126.60009765625], ""angles"": [0, 0, 0], ""params"": [1.0, 1.0, 1.0, 96, 0, -1], ""unused_pointer"": 2365146304}"
challenge-ep1/c88109-bb-j,1,73,"{""base_type"": 331, ""set_flags"": 0, ""runtime_index"": 2025, ""file_offset"": 6424, ""floor_field"": 10, ""entity_id_field"": 20140, ""group"": 0, ""room"": 30, ""unknown_a3"": 0, ""position"": [126.60006713867188, 0.0, 0.0], ""angles"": [0, 16384, 0], ""params"": [1.000000238418579, 1.0, 1.0, 94, 0, 0], ""unused_pointer"": 2365204832}"
challenge-ep1/c88109-bb-j,1,119,"{""base_type"": 331, ""set_flags"": 2, ""runtime_index"": 1723, ""file_offset"": 9552, ""floor_field"": 10, ""entity_id_field"": 18107, ""group"": 0, ""room"": 70, ""unknown_a3"": 0, ""position"": [-176.60494995117188, 0.0, -74.9989013671875], ""angles"": [0, 49152, 0], ""params"": [1.0, 1.0, 1.0, 90, 0, 0], ""unused_pointer"": 2365304640}"
challenge-ep1/c88109-bb-j,1,125,"{""base_type"": 331, ""set_flags"": 2, ""runtime_index"": 1729, ""file_offset"": 9960, ""floor_field"": 10, ""entity_id_field"": 18113, ""group"": 0, ""room"": 70, ""unknown_a3"": 0, ""position"": [-74.99917602539062, 0.0, 176.60009765625], ""angles"": [0, 0, 0], ""params"": [1.0, 1.0, 1.0, 92, 0, 0], ""unused_pointer"": 2365306624}"
challenge-ep1/c88109-bb-j,3,89,"{""base_type"": 331, ""set_flags"": 2, ""runtime_index"": 1692, ""file_offset"": 31072, ""floor_field"": 10, ""entity_id_field"": 18076, ""group"": 0, ""room"": 23, ""unknown_a3"": 0, ""position"": [0.0, 0.0, 126.60009765625], ""angles"": [0, 0, 0], ""params"": [1.0, 1.0, 1.0, 108, 0, 0], ""unused_pointer"": 2365295024}"
challenge-ep1/c88109-bb-j,3,135,"{""base_type"": 331, ""set_flags"": 0, ""runtime_index"": 1655, ""file_offset"": 34200, ""floor_field"": 10, ""entity_id_field"": 19915, ""group"": 0, ""room"": 41, ""unknown_a3"": 0, ""position"": [-75.0, 0.0, -176.60009765625], ""angles"": [0, 0, 0], ""params"": [1.0, 1.0, 1.0, 90, 0, 0], ""unused_pointer"": 2365203936}"
challenge-ep1/c88109-bb-j,3,202,"{""base_type"": 331, ""set_flags"": 0, ""runtime_index"": 1962, ""file_offset"": 38756, ""floor_field"": 10, ""entity_id_field"": 18517, ""group"": 0, ""room"": 70, ""unknown_a3"": 0, ""position"": [-75.00283813476562, 0.0, -176.59716796875], ""angles"": [0, 0, 0], ""params"": [1.0, 1.0, 1.0, 100, 0, 0], ""unused_pointer"": 2365237168}"
challenge-ep1/c88109-bb-j,3,203,"{""base_type"": 331, ""set_flags"": 0, ""runtime_index"": 2147, ""file_offset"": 38824, ""floor_field"": 10, ""entity_id_field"": 18518, ""group"": 0, ""room"": 70, ""unknown_a3"": 0, ""position"": [74.99717712402344, 0.0, -176.59716796875], ""angles"": [0, 0, 0], ""params"": [1.0, 1.0, 1.0, 102, 0, -1], ""unused_pointer"": 2365237472}"
challenge-ep1/c88109-bb-j,4,107,"{""base_type"": 331, ""set_flags"": 0, ""runtime_index"": 1776, ""file_offset"": 47476, ""floor_field"": 10, ""entity_id_field"": 18264, ""group"": 0, ""room"": 85, ""unknown_a3"": 0, ""position"": [-0.003997802734375, 0.0, -186.595458984375], ""angles"": [0, 0, 0], ""params"": [1.0, 1.0, 1.0, 51, 0, 0], ""unused_pointer"": 2365289488}"
challenge-ep1/c88109-bb-j,5,51,"{""base_type"": 331, ""set_flags"": 0, ""runtime_index"": 1975, ""file_offset"": 52252, ""floor_field"": 10, ""entity_id_field"": 18734, ""group"": 0, ""room"": 6, ""unknown_a3"": 0, ""position"": [76.60009765625, 0.0, 0.0], ""angles"": [0, 49152, 0], ""params"": [1.0, 1.0, 1.0, 230, 0, -1], ""unused_pointer"": 2365261952}"
challenge-ep1/c88109-bb-j,5,96,"{""base_type"": 331, ""set_flags"": 2, ""runtime_index"": 1704, ""file_offset"": 55312, ""floor_field"": 10, ""entity_id_field"": 18780, ""group"": 0, ""room"": 21, ""unknown_a3"": 0, ""position"": [0.0, 0.0, -126.60009765625], ""angles"": [0, 0, 0], ""params"": [1.0, 1.0, 1.0, 100, 0, 0], ""unused_pointer"": 2365283584}"
challenge-ep1/c88109-bb-j,5,105,"{""base_type"": 331, ""set_flags"": 0, ""runtime_index"": 2085, ""file_offset"": 55924, ""floor_field"": 10, ""entity_id_field"": 18789, ""group"": 0, ""room"": 22, ""unknown_a3"": 0, ""position"": [126.60009765625, 0.0, 0.0], ""angles"": [0, 16384, 0], ""params"": [1.0, 1.0, 1.0, 185, 0, -1], ""unused_pointer"": 2365287744}"
challenge-ep1/c88109-bb-j,5,153,"{""base_type"": 331, ""set_flags"": 2, ""runtime_index"": 1761, ""file_offset"": 59188, ""floor_field"": 10, ""entity_id_field"": 18837, ""group"": 0, ""room"": 41, ""unknown_a3"": 0, ""position"": [-176.5999755859375, 0.0, 75.0], ""angles"": [0, 16384, 0], ""params"": [1.0, 1.0, 1.0, 90, 0, 0], ""unused_pointer"": 2365306240}"
challenge-ep1/c88109-bb-j,5,169,"{""base_type"": 331, ""set_flags"": 0, ""runtime_index"": 1617, ""file_offset"": 60276, ""floor_field"": 10, ""entity_id_field"": 18853, ""group"": 0, ""room"": 42, ""unknown_a3"": 0, ""position"": [-75.0, 0.0, -176.599609375], ""angles"": [0, 0, 0], ""params"": [1.0, 1.0, 1.0, 92, 0, 0], ""unused_pointer"": 2365311072}"
challenge-ep1/c88109-bb-j,5,221,"{""base_type"": 331, ""set_flags"": 2, ""runtime_index"": 1823, ""file_offset"": 63812, ""floor_field"": 10, ""entity_id_field"": 18906, ""group"": 0, ""room"": 75, ""unknown_a3"": 0, ""position"": [-75.01698303222656, 0.0, -176.59263610839844], ""angles"": [0, 1, 0], ""params"": [1.0, 1.0, 1.0, 185, 0, -1], ""unused_pointer"": 2365334848}"
events-ep1/q66-bb-e,9,11,"{""base_type"": 331, ""set_flags"": 0, ""runtime_index"": 0, ""file_offset"": 10944, ""floor_field"": 0, ""entity_id_field"": 0, ""group"": 0, ""room"": 316, ""unknown_a3"": 0, ""position"": [0.0, 0.0, -23.399999618530273], ""angles"": [0, 0, 0], ""params"": [1.0, 0.0, 0.0, 100, 101, 0], ""unused_pointer"": 0}"
events-ep1/q66-bb-e,10,137,"{""base_type"": 331, ""set_flags"": 0, ""runtime_index"": 0, ""file_offset"": 22996, ""floor_field"": 0, ""entity_id_field"": 0, ""group"": 0, ""room"": 363, ""unknown_a3"": 0, ""position"": [0.0, 0.0, 23.399999618530273], ""angles"": [0, 0, 0], ""params"": [1.0, 0.0, 0.0, 25, 26, 0], ""unused_pointer"": 0}"
events-ep1/q66-bb-j,9,11,"{""base_type"": 331, ""set_flags"": 0, ""runtime_index"": 0, ""file_offset"": 10944, ""floor_field"": 0, ""entity_id_field"": 0, ""group"": 0, ""room"": 316, ""unknown_a3"": 0, ""position"": [0.0, 0.0, -23.399999618530273], ""angles"": [0, 0, 0], ""params"": [1.0, 0.0, 0.0, 100, 101, 0], ""unused_pointer"": 0}"
events-ep1/q66-bb-j,10,137,"{""base_type"": 331, ""set_flags"": 0, ""runtime_index"": 0, ""file_offset"": 22996, ""floor_field"": 0, ""entity_id_field"": 0, ""group"": 0, ""room"": 363, ""unknown_a3"": 0, ""position"": [0.0, 0.0, 23.399999618530273], ""angles"": [0, 0, 0], ""params"": [1.0, 0.0, 0.0, 25, 26, 0], ""unused_pointer"": 0}"
events-ep1/q070-bb-e,9,23,"{""base_type"": 331, ""set_flags"": 0, ""runtime_index"": 1643, ""file_offset"": 43328, ""floor_field"": 9, ""entity_id_field"": 18031, ""group"": 0, ""room"": 2, ""unknown_a3"": 0, ""position"": [0.0, 0.0, -76.60009765625], ""angles"": [0, 0, 0], ""params"": [1.000000238418579, 1.000000238418579, 1.000000238418579, 90, 0, 0], ""unused_pointer"": 2365214048}"
events-ep1/q070-bb-e,9,81,"{""base_type"": 331, ""set_flags"": 0, ""runtime_index"": 1965, ""file_offset"": 47272, ""floor_field"": 9, ""entity_id_field"": 18660, ""group"": 0, ""room"": 22, ""unknown_a3"": 0, ""position"": [126.6005859375, 0.0, 0.0], ""angles"": [0, 16384, 0], ""params"": [0.9997262954711914, 1.000000238418579, 1.000000238418579, 92, 0, -1], ""unused_pointer"": 2365414448}"
events-ep1/q070-bb-e,9,88,"{""base_type"": 331, ""set_flags"": 0, ""runtime_index"": 1948, ""file_offset"": 47748, ""floor_field"": 9, ""entity_id_field"": 18466, ""group"": 0, ""room"": 23, ""unknown_a3"": 0, ""position"": [126.599853515625, 0.0, 0.0], ""angles"": [0, 16384, 0], ""params"": [1.000000238418579, 1.000000238418579, 1.000000238418579, 240, 0, -1], ""unused_pointer"": 2365221584}"
events-ep1/q070-bb-e,9,113,"{""base_type"": 331, ""set_flags"": 0, ""runtime_index"": 1970, ""file_offset"": 49448, ""floor_field"": 9, ""entity_id_field"": 18918, ""group"": 0, ""room"": 33, ""unknown_a3"": 0, ""position"": [0.30721282958984375, 0.0, -176.59616088867188], ""angles"": [0, 1, 0], ""params"": [1.000000238418579, 1.000000238418579, 1.000000238418579, 160, 0, 0], ""unused_pointer"": 2365232992}"
events-ep1/q070-bb-e,9,117,"{""base_type"": 331, ""set_flags"": 2, ""runtime_index"": 1476, ""file_offset"": 49720, ""floor_field"": 9, ""entity_id_field"": 17860, ""group"": 0, ""room"": 40, ""unknown_a3"": 0, ""position"": [-75.0045166015625, 0.0, 176.60055541992188], ""angles"": [0, 0, 0], ""params"": [1.000000238418579, 1.000000238418579, 1.000000238418579, 90, 0, 0], ""unused_pointer"": 2365328144}"
events-ep1/q070-bb-e,9,136,"{""base_type"": 331, ""set_flags"": 0, ""runtime_index"": 1637, ""file_offset"": 51012, ""floor_field"": 9, ""entity_id_field"": 18628, ""group"": 0, ""room"": 42, ""unknown_a3"": 0, ""position"": [176.6005859375, 0.0, 75.0], ""angles"": [0, 16384, 0], ""params"": [1.000000238418579, 1.000000238418579, 1.000000238418579, 160, 0, 0], ""unused_pointer"": 2365233856}"
events-ep1/q070-bb-j,9,23,"{""base_type"": 331, ""set_flags"": 0, ""runtime_index"": 1643, ""file_offset"": 43328, ""floor_field"": 9, ""entity_id_field"": 18031, ""group"": 0, ""room"": 2, ""unknown_a3"": 0, ""position"": [0.0, 0.0, -76.60009765625], ""angles"": [0, 0, 0], ""params"": [1.000000238418579, 1.000000238418579, 1.000000238418579, 90, 0, 0], ""unused_pointer"": 2365214048}"
events-ep1/q070-bb-j,9,81,"{""base_type"": 331, ""set_flags"": 0, ""runtime_index"": 1965, ""file_offset"": 47272, ""floor_field"": 9, ""entity_id_field"": 18660, ""group"": 0, ""room"": 22, ""unknown_a3"": 0, ""position"": [126.6005859375, 0.0, 0.0], ""angles"": [0, 16384, 0], ""params"": [0.9997262954711914, 1.000000238418579, 1.000000238418579, 92, 0, -1], ""unused_pointer"": 2365414448}"
events-ep1/q070-bb-j,9,88,"{""base_type"": 331, ""set_flags"": 0, ""runtime_index"": 1948, ""file_offset"": 47748, ""floor_field"": 9, ""entity_id_field"": 18466, ""group"": 0, ""room"": 23, ""unknown_a3"": 0, ""position"": [126.599853515625, 0.0, 0.0], ""angles"": [0, 16384, 0], ""params"": [1.000000238418579, 1.000000238418579, 1.000000238418579, 240, 0, -1], ""unused_pointer"": 2365221584}"
events-ep1/q070-bb-j,9,113,"{""base_type"": 331, ""set_flags"": 0, ""runtime_index"": 1970, ""file_offset"": 49448, ""floor_field"": 9, ""entity_id_field"": 18918, ""group"": 0, ""room"": 33, ""unknown_a3"": 0, ""position"": [0.30721282958984375, 0.0, -176.59616088867188], ""angles"": [0, 1, 0], ""params"": [1.000000238418579, 1.000000238418579, 1.000000238418579, 160, 0, 0], ""unused_pointer"": 2365232992}"
events-ep1/q070-bb-j,9,117,"{""base_type"": 331, ""set_flags"": 2, ""runtime_index"": 1476, ""file_offset"": 49720, ""floor_field"": 9, ""entity_id_field"": 17860, ""group"": 0, ""room"": 40, ""unknown_a3"": 0, ""position"": [-75.0045166015625, 0.0, 176.60055541992188], ""angles"": [0, 0, 0], ""params"": [1.000000238418579, 1.000000238418579, 1.000000238418579, 90, 0, 0], ""unused_pointer"": 2365328144}"
events-ep1/q070-bb-j,9,136,"{""base_type"": 331, ""set_flags"": 0, ""runtime_index"": 1637, ""file_offset"": 51012, ""floor_field"": 9, ""entity_id_field"": 18628, ""group"": 0, ""room"": 42, ""unknown_a3"": 0, ""position"": [176.6005859375, 0.0, 75.0], ""angles"": [0, 16384, 0], ""params"": [1.000000238418579, 1.000000238418579, 1.000000238418579, 160, 0, 0], ""unused_pointer"": 2365233856}"
events-ep1/q80-bb-e,8,53,"{""base_type"": 331, ""set_flags"": 2, ""runtime_index"": 730, ""file_offset"": 35576, ""floor_field"": 8, ""entity_id_field"": 17114, ""group"": 0, ""room"": 10, ""unknown_a3"": 0, ""position"": [0.0, 0.0, 126.60003662109375], ""angles"": [0, 0, 0], ""params"": [1.0, 1.0, 1.0, 150, 0, 0], ""unused_pointer"": 2365304592}"
events-ep1/q80-bb-e,8,100,"{""base_type"": 331, ""set_flags"": 0, ""runtime_index"": 1473, ""file_offset"": 38772, ""floor_field"": 8, ""entity_id_field"": 17874, ""group"": 0, ""room"": 30, ""unknown_a3"": 0, ""position"": [75.0, 0.0, -176.599853515625], ""angles"": [0, 0, 0], ""params"": [1.0, 1.0, 1.0, 140, 0, -1], ""unused_pointer"": 2365244624}"
events-ep1/q80-bb-e,8,129,"{""base_type"": 331, ""set_flags"": 0, ""runtime_index"": 1905, ""file_offset"": 40744, ""floor_field"": 8, ""entity_id_field"": 18995, ""group"": 0, ""room"": 31, ""unknown_a3"": 0, ""position"": [75.0, 0.0, 176.599853515625], ""angles"": [0, 0, 0], ""params"": [1.0, 1.0, 1.0, 102, 0, 0], ""unused_pointer"": 2365416080}"
events-ep1/q80-bb-e,8,136,"{""base_type"": 331, ""set_flags"": 0, ""runtime_index"": 1481, ""file_offset"": 41220, ""floor_field"": 8, ""entity_id_field"": 18084, ""group"": 0, ""room"": 33, ""unknown_a3"": 0, ""position"": [75.0, 0.0, 176.599853515625], ""angles"": [0, 0, 0], ""params"": [1.0, 1.0, 1.0, 102, 0, 0], ""unused_pointer"": 2365301888}"
events-ep1/q80-bb-e,10,22,"{""base_type"": 331, ""set_flags"": 0, ""runtime_index"": 1789, ""file_offset"": 49872, ""floor_field"": 10, ""entity_id_field"": 18060, ""group"": 0, ""room"": 351, ""unknown_a3"": 0, ""position"": [-0.34166431427001953, 0.0, 20.41301727294922], ""angles"": [0, 0, 0], ""params"": [1.0, 1.0, 1.0, 180, 0, 0], ""unused_pointer"": 2365254608}"
events-ep1/q80-bb-j,8,53,"{""base_type"": 331, ""set_flags"": 2, ""runtime_index"": 730, ""file_offset"": 35576, ""floor_field"": 8, ""entity_id_field"": 17114, ""group"": 0, ""room"": 10, ""unknown_a3"": 0, ""position"": [0.0, 0.0, 126.60003662109375], ""angles"": [0, 0, 0], ""params"": [1.0, 1.0, 1.0, 150, 0, 0], ""unused_pointer"": 2365304592}"
events-ep1/q80-bb-j,8,100,"{""base_type"": 331, ""set_flags"": 0, ""runtime_index"": 1473, ""file_offset"": 38772, ""floor_field"": 8, ""entity_id_field"": 17874, ""group"": 0, ""room"": 30, ""unknown_a3"": 0, ""position"": [75.0, 0.0, -176.599853515625], ""angles"": [0, 0, 0], ""params"": [1.0, 1.0, 1.0, 140, 0, -1], ""unused_pointer"": 2365244624}"
events-ep1/q80-bb-j,8,129,"{""base_type"": 331, ""set_flags"": 0, ""runtime_index"": 1905, ""file_offset"": 40744, ""floor_field"": 8, ""entity_id_field"": 18995, ""group"": 0, ""room"": 31, ""unknown_a3"": 0, ""position"": [75.0, 0.0, 176.599853515625], ""angles"": [0, 0, 0], ""params"": [1.0, 1.0, 1.0, 102, 0, 0], ""unused_pointer"": 2365416080}"
events-ep1/q80-bb-j,8,136,"{""base_type"": 331, ""set_flags"": 0, ""runtime_index"": 1481, ""file_offset"": 41220, ""floor_field"": 8, ""entity_id_field"": 18084, ""group"": 0, ""room"": 33, ""unknown_a3"": 0, ""position"": [75.0, 0.0, 176.599853515625], ""angles"": [0, 0, 0], ""params"": [1.0, 1.0, 1.0, 102, 0, 0], ""unused_pointer"": 2365301888}"
events-ep1/q80-bb-j,10,22,"{""base_type"": 331, ""set_flags"": 0, ""runtime_index"": 1789, ""file_offset"": 49872, ""floor_field"": 10, ""entity_id_field"": 18060, ""group"": 0, ""room"": 351, ""unknown_a3"": 0, ""position"": [-0.34166431427001953, 0.0, 20.41301727294922], ""angles"": [0, 0, 0], ""params"": [1.0, 1.0, 1.0, 180, 0, 0], ""unused_pointer"": 2365254608}"
events-ep1/q113-bb-e,9,22,"{""base_type"": 331, ""set_flags"": 0, ""runtime_index"": 1643, ""file_offset"": 48580, ""floor_field"": 9, ""entity_id_field"": 18031, ""group"": 0, ""room"": 2, ""unknown_a3"": 0, ""position"": [0.0, 0.0, -76.60009765625], ""angles"": [0, 0, 0], ""params"": [1.000000238418579, 1.000000238418579, 1.000000238418579, 90, 0, 0], ""unused_pointer"": 2365214048}"
events-ep1/q113-bb-e,9,69,"{""base_type"": 331, ""set_flags"": 0, ""runtime_index"": 1965, ""file_offset"": 51776, ""floor_field"": 9, ""entity_id_field"": 18660, ""group"": 0, ""room"": 22, ""unknown_a3"": 0, ""position"": [126.6005859375, 0.0, 0.0], ""angles"": [0, 16384, 0], ""params"": [0.9997262954711914, 1.000000238418579, 1.000000238418579, 92, 0, -1], ""unused_pointer"": 2365414448}"
events-ep1/q113-bb-e,9,79,"{""base_type"": 331, ""set_flags"": 0, ""runtime_index"": 1948, ""file_offset"": 52456, ""floor_field"": 9, ""entity_id_field"": 18618, ""group"": 0, ""room"": 23, ""unknown_a3"": 0, ""position"": [126.599853515625, 0.0, 0.0], ""angles"": [0, 16384, 0], ""params"": [1.000000238418579, 1.000000238418579, 1.000000238418579, 240, 0, -1], ""unused_pointer"": 2365382624}"
events-ep1/q113-bb-e,9,109,"{""base_type"": 331, ""set_flags"": 0, ""runtime_index"": 1970, ""file_offset"": 54496, ""floor_field"": 9, ""entity_id_field"": 18918, ""group"": 0, ""room"": 33, ""unknown_a3"": 0, ""position"": [0.30721282958984375, 0.0, -176.59616088867188], ""angles"": [0, 1, 0], ""params"": [1.000000238418579, 1.000000238418579, 1.000000238418579, 160, 0, 0], ""unused_pointer"": 2365232992}"
events-ep1/q113-bb-e,9,113,"{""base_type"": 331, ""set_flags"": 2, ""runtime_index"": 1476, ""file_offset"": 54768, ""floor_field"": 9, ""entity_id_field"": 17860, ""group"": 0, ""room"": 40, ""unknown_a3"": 0, ""position"": [-75.0045166015625, 0.0, 176.60055541992188], ""angles"": [0, 0, 0], ""params"": [1.000000238418579, 1.000000238418579, 1.000000238418579, 90, 0, 0], ""unused_pointer"": 2365328144}"
events-ep1/q113-bb-e,9,134,"{""base_type"": 331, ""set_flags"": 0, ""runtime_index"": 1637, ""file_offset"": 56196, ""floor_field"": 9, ""entity_id_field"": 18515, ""group"": 0, ""room"": 42, ""unknown_a3"": 0, ""position"": [176.6005859375, 0.0, 75.0], ""angles"": [0, 16384, 0], ""params"": [1.000000238418579, 1.000000238418579, 1.000000238418579, 160, 0, 0], ""unused_pointer"": 2365257280}"
events-ep1/q113-bb-j,9,22,"{""base_type"": 331, ""set_flags"": 0, ""runtime_index"": 1643, ""file_offset"": 48580, ""floor_field"": 9, ""entity_id_field"": 18031, ""group"": 0, ""room"": 2, ""unknown_a3"": 0, ""position"": [0.0, 0.0, -76.60009765625], ""angles"": [0, 0, 0], ""params"": [1.000000238418579, 1.000000238418579, 1.000000238418579, 90, 0, 0], ""unused_pointer"": 2365214048}"
events-ep1/q113-bb-j,9,69,"{""base_type"": 331, ""set_flags"": 0, ""runtime_index"": 1965, ""file_offset"": 51776, ""floor_field"": 9, ""entity_id_field"": 18660, ""group"": 0, ""room"": 22, ""unknown_a3"": 0, ""position"": [126.6005859375, 0.0, 0.0], ""angles"": [0, 16384, 0], ""params"": [0.9997262954711914, 1.000000238418579, 1.000000238418579, 92, 0, -1], ""unused_pointer"": 2365414448}"
events-ep1/q113-bb-j,9,79,"{""base_type"": 331, ""set_flags"": 0, ""runtime_index"": 1948, ""file_offset"": 52456, ""floor_field"": 9, ""entity_id_field"": 18618, ""group"": 0, ""room"": 23, ""unknown_a3"": 0, ""position"": [126.599853515625, 0.0, 0.0], ""angles"": [0, 16384, 0], ""params"": [1.000000238418579, 1.000000238418579, 1.000000238418579, 240, 0, -1], ""unused_pointer"": 2365382624}"
events-ep1/q113-bb-j,9,109,"{""base_type"": 331, ""set_flags"": 0, ""runtime_index"": 1970, ""file_offset"": 54496, ""floor_field"": 9, ""entity_id_field"": 18918, ""group"": 0, ""room"": 33, ""unknown_a3"": 0, ""position"": [0.30721282958984375, 0.0, -176.59616088867188], ""angles"": [0, 1, 0], ""params"": [1.000000238418579, 1.000000238418579, 1.000000238418579, 160, 0, 0], ""unused_pointer"": 2365232992}"
events-ep1/q113-bb-j,9,113,"{""base_type"": 331, ""set_flags"": 2, ""runtime_index"": 1476, ""file_offset"": 54768, ""floor_field"": 9, ""entity_id_field"": 17860, ""group"": 0, ""room"": 40, ""unknown_a3"": 0, ""position"": [-75.0045166015625, 0.0, 176.60055541992188], ""angles"": [0, 0, 0], ""params"": [1.000000238418579, 1.000000238418579, 1.000000238418579, 90, 0, 0], ""unused_pointer"": 2365328144}"
events-ep1/q113-bb-j,9,134,"{""base_type"": 331, ""set_flags"": 0, ""runtime_index"": 1637, ""file_offset"": 56196, ""floor_field"": 9, ""entity_id_field"": 18515, ""group"": 0, ""room"": 42, ""unknown_a3"": 0, ""position"": [176.6005859375, 0.0, 75.0], ""angles"": [0, 16384, 0], ""params"": [1.000000238418579, 1.000000238418579, 1.000000238418579, 160, 0, 0], ""unused_pointer"": 2365257280}"
events-ep1/q512-bb-e,8,117,"{""base_type"": 331, ""set_flags"": 0, ""runtime_index"": 1424, ""file_offset"": 47136, ""floor_field"": 8, ""entity_id_field"": 19274, ""group"": 0, ""room"": 40, ""unknown_a3"": 0, ""position"": [176.60003662109375, 0.0, -75.0], ""angles"": [0, -16384, 0], ""params"": [1.0, 1.0, 1.0, 150, 0, 0], ""unused_pointer"": 2365306736}"
events-ep1/q512-bb-e,8,118,"{""base_type"": 331, ""set_flags"": 0, ""runtime_index"": 1885, ""file_offset"": 47204, ""floor_field"": 8, ""entity_id_field"": 19386, ""group"": 0, ""room"": 40, ""unknown_a3"": 0, ""position"": [-75.00001525878906, 0.0, 176.60009765625], ""angles"": [0, -32768, 0], ""params"": [1.0, 1.0, 1.0, 150, 0, 0], ""unused_pointer"": 2365393808}"
events-ep1/q512-bb-e,8,139,"{""base_type"": 331, ""set_flags"": 0, ""runtime_index"": 1948, ""file_offset"": 48632, ""floor_field"": 8, ""entity_id_field"": 18434, ""group"": 0, ""room"": 50, ""unknown_a3"": 0, ""position"": [75.0, 0.0, 176.59991455078125], ""angles"": [0, -32768, 0], ""params"": [1.0, 1.0, 1.0, 245, 0, 0], ""unused_pointer"": 2365169584}"
extermination-ep1/q104-bb-e,8,129,"{""base_type"": 331, ""set_flags"": 0, ""runtime_index"": 1885, ""file_offset"": 10708, ""floor_field"": 8, ""entity_id_field"": 19386, ""group"": 0, ""room"": 40, ""unknown_a3"": 0, ""position"": [-75.00001525878906, 0.0, 176.60009765625], ""angles"": [0, -32768, 0], ""params"": [1.0, 1.0, 1.0, 150, 0, 0], ""unused_pointer"": 2365393808}"
extermination-ep1/q104-bb-e,8,149,"{""base_type"": 331, ""set_flags"": 0, ""runtime_index"": 1949, ""file_offset"": 12068, ""floor_field"": 8, ""entity_id_field"": 18431, ""group"": 0, ""room"": 50, ""unknown_a3"": 0, ""position"": [-75.0, 0.0, 176.59991455078125], ""angles"": [0, -32768, 0], ""params"": [1.0, 1.0, 1.0, 247, 0, 0], ""unused_pointer"": 2365161792}"
extermination-ep1/q104-bb-e,8,152,"{""base_type"": 331, ""set_flags"": 0, ""runtime_index"": 1948, ""file_offset"": 12272, ""floor_field"": 8, ""entity_id_field"": 18434, ""group"": 0, ""room"": 50, ""unknown_a3"": 0, ""position"": [75.0, 0.0, 176.59991455078125], ""angles"": [0, -32768, 0], ""params"": [1.0, 1.0, 1.0, 245, 0, 0], ""unused_pointer"": 2365169584}"
extermination-ep1/q104-bb-j,8,129,"{""base_type"": 331, ""set_flags"": 0, ""runtime_index"": 1885, ""file_offset"": 10708, ""floor_field"": 8, ""entity_id_field"": 19386, ""group"": 0, ""room"": 40, ""unknown_a3"": 0, ""position"": [-75.00001525878906, 0.0, 176.60009765625], ""angles"": [0, -32768, 0], ""params"": [1.0, 1.0, 1.0, 150, 0, 0], ""unused_pointer"": 2365393808}"
extermination-ep1/q104-bb-j,8,149,"{""base_type"": 331, ""set_flags"": 0, ""runtime_index"": 1949, ""file_offset"": 12068, ""floor_field"": 8, ""entity_id_field"": 18431, ""group"": 0, ""room"": 50, ""unknown_a3"": 0, ""position"": [-75.0, 0.0, 176.59991455078125], ""angles"": [0, -32768, 0], ""params"": [1.0, 1.0, 1.0, 247, 0, 0], ""unused_pointer"": 2365161792}"
extermination-ep1/q104-bb-j,8,152,"{""base_type"": 331, ""set_flags"": 0, ""runtime_index"": 1948, ""file_offset"": 12272, ""floor_field"": 8, ""entity_id_field"": 18434, ""group"": 0, ""room"": 50, ""unknown_a3"": 0, ""position"": [75.0, 0.0, 176.59991455078125], ""angles"": [0, -32768, 0], ""params"": [1.0, 1.0, 1.0, 245, 0, 0], ""unused_pointer"": 2365169584}"
extermination-ep1/q111-bb-e,8,92,"{""base_type"": 331, ""set_flags"": 0, ""runtime_index"": 1909, ""file_offset"": 8056, ""floor_field"": 8, ""entity_id_field"": 19036, ""group"": 0, ""room"": 23, ""unknown_a3"": 0, ""position"": [0.0, 0.0, 176.599853515625], ""angles"": [0, 0, 0], ""params"": [1.0, 1.0, 1.0, 104, 0, 0], ""unused_pointer"": 2365473440}"
extermination-ep1/q111-bb-e,8,110,"{""base_type"": 331, ""set_flags"": 0, ""runtime_index"": 1473, ""file_offset"": 9280, ""floor_field"": 8, ""entity_id_field"": 17874, ""group"": 0, ""room"": 30, ""unknown_a3"": 0, ""position"": [75.0, 0.0, -176.599853515625], ""angles"": [0, 0, 0], ""params"": [1.0, 1.0, 1.0, 100, 0, -1], ""unused_pointer"": 2365244624}"
extermination-ep1/q111-bb-e,8,154,"{""base_type"": 331, ""set_flags"": 0, ""runtime_index"": 1905, ""file_offset"": 12272, ""floor_field"": 8, ""entity_id_field"": 18995, ""group"": 0, ""room"": 31, ""unknown_a3"": 0, ""position"": [75.0, 0.0, 176.599853515625], ""angles"": [0, 0, 0], ""params"": [1.0, 1.0, 1.0, 102, 0, 0], ""unused_pointer"": 2365416080}"
extermination-ep1/q111-bb-e,8,199,"{""base_type"": 331, ""set_flags"": 0, ""runtime_index"": 1484, ""file_offset"": 15332, ""floor_field"": 8, ""entity_id_field"": 17920, ""group"": 0, ""room"": 65, ""unknown_a3"": 0, ""position"": [-75.0, 0.0, -176.60006713867188], ""angles"": [0, 0, 0], ""params"": [1.000000238418579, 1.0, 1.0, 125, 0, -1], ""unused_pointer"": 2365304880}"
extermination-ep1/q111-bb-e,9,22,"{""base_type"": 331, ""set_flags"": 0, ""runtime_index"": 1643, ""file_offset"": 18340, ""floor_field"": 9, ""entity_id_field"": 18031, ""group"": 0, ""room"": 2, ""unknown_a3"": 0, ""position"": [0.0, 0.0, -76.60009765625], ""angles"": [0, 0, 0], ""params"": [1.000000238418579, 1.000000238418579, 1.000000238418579, 90, 0, 0], ""unused_pointer"": 2365214048}"
extermination-ep1/q111-bb-e,9,76,"{""base_type"": 331, ""set_flags"": 0, ""runtime_index"": 1965, ""file_offset"": 22012, ""floor_field"": 9, ""entity_id_field"": 18660, ""group"": 0, ""room"": 22, ""unknown_a3"": 0, ""position"": [126.6005859375, 0.0, 0.0], ""angles"": [0, 16384, 0], ""params"": [0.9997262954711914, 1.000000238418579, 1.000000238418579, 92, 0, -1], ""unused_pointer"": 2365414448}"
extermination-ep1/q111-bb-e,9,86,"{""base_type"": 331, ""set_flags"": 0, ""runtime_index"": 1948, ""file_offset"": 22692, ""floor_field"": 9, ""entity_id_field"": 18618, ""group"": 0, ""room"": 23, ""unknown_a3"": 0, ""position"": [126.599853515625, 0.0, 0.0], ""angles"": [0, 16384, 0], ""params"": [1.000000238418579, 1.000000238418579, 1.000000238418579, 240, 0, -1], ""unused_pointer"": 2365382624}"
extermination-ep1/q111-bb-e,9,120,"{""base_type"": 331, ""set_flags"": 0, ""runtime_index"": 1970, ""file_offset"": 25004, ""floor_field"": 9, ""entity_id_field"": 18918, ""group"": 0, ""room"": 33, ""unknown_a3"": 0, ""position"": [0.30721282958984375, 0.0, -176.59616088867188], ""angles"": [0, 1, 0], ""params"": [1.000000238418579, 1.000000238418579, 1.000000238418579, 160, 0, 0], ""unused_pointer"": 2365232992}"
extermination-ep1/q111-bb-e,9,124,"{""base_type"": 331, ""set_flags"": 2, ""runtime_index"": 1476, ""file_offset"": 25276, ""floor_field"": 9, ""entity_id_field"": 17860, ""group"": 0, ""room"": 40, ""unknown_a3"": 0, ""position"": [-75.0045166015625, 0.0, 176.60055541992188], ""angles"": [0, 0, 0], ""params"": [1.000000238418579, 1.000000238418579, 1.000000238418579, 90, 0, 0], ""unused_pointer"": 2365328144}"
extermination-ep1/q111-bb-e,9,145,"{""base_type"": 331, ""set_flags"": 0, ""runtime_index"": 1637, ""file_offset"": 26704, ""floor_field"": 9, ""entity_id_field"": 18515, ""group"": 0, ""room"": 42, ""unknown_a3"": 0, ""position"": [176.6005859375, 0.0, 75.0], ""angles"": [0, 16384, 0], ""params"": [1.000000238418579, 1.000000238418579, 1.000000238418579, 160, 0, 0], ""unused_pointer"": 2365257280}"
extermination-ep1/q111-bb-j,8,92,"{""base_type"": 331, ""set_flags"": 0, ""runtime_index"": 1909, ""file_offset"": 8056, ""floor_field"": 8, ""entity_id_field"": 19036, ""group"": 0, ""room"": 23, ""unknown_a3"": 0, ""position"": [0.0, 0.0, 176.599853515625], ""angles"": [0, 0, 0], ""params"": [1.0, 1.0, 1.0, 104, 0, 0], ""unused_pointer"": 2365473440}"
extermination-ep1/q111-bb-j,8,110,"{""base_type"": 331, ""set_flags"": 0, ""runtime_index"": 1473, ""file_offset"": 9280, ""floor_field"": 8, ""entity_id_field"": 17874, ""group"": 0, ""room"": 30, ""unknown_a3"": 0, ""position"": [75.0, 0.0, -176.599853515625], ""angles"": [0, 0, 0], ""params"": [1.0, 1.0, 1.0, 100, 0, -1], ""unused_pointer"": 2365244624}"
extermination-ep1/q111-bb-j,8,154,"{""base_type"": 331, ""set_flags"": 0, ""runtime_index"": 1905, ""file_offset"": 12272, ""floor_field"": 8, ""entity_id_field"": 18995, ""group"": 0, ""room"": 31, ""unknown_a3"": 0, ""position"": [75.0, 0.0, 176.599853515625], ""angles"": [0, 0, 0], ""params"": [1.0, 1.0, 1.0, 102, 0, 0], ""unused_pointer"": 2365416080}"
extermination-ep1/q111-bb-j,8,199,"{""base_type"": 331, ""set_flags"": 0, ""runtime_index"": 1484, ""file_offset"": 15332, ""floor_field"": 8, ""entity_id_field"": 17920, ""group"": 0, ""room"": 65, ""unknown_a3"": 0, ""position"": [-75.0, 0.0, -176.60006713867188], ""angles"": [0, 0, 0], ""params"": [1.000000238418579, 1.0, 1.0, 125, 0, -1], ""unused_pointer"": 2365304880}"
extermination-ep1/q111-bb-j,9,22,"{""base_type"": 331, ""set_flags"": 0, ""runtime_index"": 1643, ""file_offset"": 18340, ""floor_field"": 9, ""entity_id_field"": 18031, ""group"": 0, ""room"": 2, ""unknown_a3"": 0, ""position"": [0.0, 0.0, -76.60009765625], ""angles"": [0, 0, 0], ""params"": [1.000000238418579, 1.000000238418579, 1.000000238418579, 90, 0, 0], ""unused_pointer"": 2365214048}"
extermination-ep1/q111-bb-j,9,76,"{""base_type"": 331, ""set_flags"": 0, ""runtime_index"": 1965, ""file_offset"": 22012, ""floor_field"": 9, ""entity_id_field"": 18660, ""group"": 0, ""room"": 22, ""unknown_a3"": 0, ""position"": [126.6005859375, 0.0, 0.0], ""angles"": [0, 16384, 0], ""params"": [0.9997262954711914, 1.000000238418579, 1.000000238418579, 92, 0, -1], ""unused_pointer"": 2365414448}"
extermination-ep1/q111-bb-j,9,86,"{""base_type"": 331, ""set_flags"": 0, ""runtime_index"": 1948, ""file_offset"": 22692, ""floor_field"": 9, ""entity_id_field"": 18618, ""group"": 0, ""room"": 23, ""unknown_a3"": 0, ""position"": [126.599853515625, 0.0, 0.0], ""angles"": [0, 16384, 0], ""params"": [1.000000238418579, 1.000000238418579, 1.000000238418579, 240, 0, -1], ""unused_pointer"": 2365382624}"
extermination-ep1/q111-bb-j,9,120,"{""base_type"": 331, ""set_flags"": 0, ""runtime_index"": 1970, ""file_offset"": 25004, ""floor_field"": 9, ""entity_id_field"": 18918, ""group"": 0, ""room"": 33, ""unknown_a3"": 0, ""position"": [0.30721282958984375, 0.0, -176.59616088867188], ""angles"": [0, 1, 0], ""params"": [1.000000238418579, 1.000000238418579, 1.000000238418579, 160, 0, 0], ""unused_pointer"": 2365232992}"
extermination-ep1/q111-bb-j,9,124,"{""base_type"": 331, ""set_flags"": 2, ""runtime_index"": 1476, ""file_offset"": 25276, ""floor_field"": 9, ""entity_id_field"": 17860, ""group"": 0, ""room"": 40, ""unknown_a3"": 0, ""position"": [-75.0045166015625, 0.0, 176.60055541992188], ""angles"": [0, 0, 0], ""params"": [1.000000238418579, 1.000000238418579, 1.000000238418579, 90, 0, 0], ""unused_pointer"": 2365328144}"
extermination-ep1/q111-bb-j,9,145,"{""base_type"": 331, ""set_flags"": 0, ""runtime_index"": 1637, ""file_offset"": 26704, ""floor_field"": 9, ""entity_id_field"": 18515, ""group"": 0, ""room"": 42, ""unknown_a3"": 0, ""position"": [176.6005859375, 0.0, 75.0], ""angles"": [0, 16384, 0], ""params"": [1.000000238418579, 1.000000238418579, 1.000000238418579, 160, 0, 0], ""unused_pointer"": 2365257280}"
extermination-ep1/q164-bb-e,9,1,"{""base_type"": 331, ""set_flags"": 0, ""runtime_index"": 1643, ""file_offset"": 2140, ""floor_field"": 9, ""entity_id_field"": 18031, ""group"": 0, ""room"": 2, ""unknown_a3"": 0, ""position"": [0.0, 0.0, -76.60009765625], ""angles"": [0, 0, 0], ""params"": [1.000000238418579, 1.000000238418579, 1.000000238418579, 34, 0, 0], ""unused_pointer"": 2365214048}"
extermination-ep1/q164-bb-e,9,33,"{""base_type"": 331, ""set_flags"": 0, ""runtime_index"": 1965, ""file_offset"": 4316, ""floor_field"": 9, ""entity_id_field"": 18660, ""group"": 0, ""room"": 22, ""unknown_a3"": 0, ""position"": [126.6005859375, 0.0, 0.0], ""angles"": [0, 16384, 0], ""params"": [0.9997262954711914, 1.000000238418579, 1.000000238418579, 27, 0, -1], ""unused_pointer"": 2365414448}"
extermination-ep1/q164-bb-e,9,36,"{""base_type"": 331, ""set_flags"": 0, ""runtime_index"": 1948, ""file_offset"": 4520, ""floor_field"": 9, ""entity_id_field"": 18618, ""group"": 0, ""room"": 23, ""unknown_a3"": 0, ""position"": [126.599853515625, 0.0, 0.0], ""angles"": [0, 16384, 0], ""params"": [1.000000238418579, 1.000000238418579, 1.000000238418579, 10, 0, -1], ""unused_pointer"": 2365382624}"
extermination-ep1/q164-bb-e,9,54,"{""base_type"": 331, ""set_flags"": 2, ""runtime_index"": 1476, ""file_offset"": 5744, ""floor_field"": 9, ""entity_id_field"": 17860, ""group"": 0, ""room"": 40, ""unknown_a3"": 0, ""position"": [-75.0045166015625, 0.0, 176.60055541992188], ""angles"": [0, 0, 0], ""params"": [1.000000238418579, 1.000000238418579, 1.000000238418579, 34, 0, 0], ""unused_pointer"": 2365328144}"
government-ep1/q411-bb-e,8,104,"{""base_type"": 331, ""set_flags"": 0, ""runtime_index"": 1909, ""file_offset"": 21484, ""floor_field"": 8, ""entity_id_field"": 19036, ""group"": 0, ""room"": 23, ""unknown_a3"": 0, ""position"": [0.0, 0.0, 176.599853515625], ""angles"": [0, 0, 0], ""params"": [1.0, 1.0, 1.0, 104, 0, 0], ""unused_pointer"": 2365473440}"
government-ep1/q411-bb-e,8,164,"{""base_type"": 331, ""set_flags"": 0, ""runtime_index"": 1905, ""file_offset"": 25564, ""floor_field"": 8, ""entity_id_field"": 18995, ""group"": 0, ""room"": 31, ""unknown_a3"": 0, ""position"": [75.0, 0.0, 176.599853515625], ""angles"": [0, 0, 0], ""params"": [1.0, 1.0, 1.0, 102, 0, 0], ""unused_pointer"": 2365416080}"
government-ep1/q411-bb-e,8,209,"{""base_type"": 331, ""set_flags"": 0, ""runtime_index"": 1484, ""file_offset"": 28624, ""floor_field"": 8, ""entity_id_field"": 17920, ""group"": 0, ""room"": 65, ""unknown_a3"": 0, ""position"": [-75.0, 0.0, -176.60006713867188], ""angles"": [0, 0, 0], ""params"": [1.000000238418579, 1.0, 1.0, 125, 0, -1], ""unused_pointer"": 2365304880}"
government-ep1/q411-bb-j,8,104,"{""base_type"": 331, ""set_flags"": 0, ""runtime_index"": 1909, ""file_offset"": 20720, ""floor_field"": 8, ""entity_id_field"": 19036, ""group"": 0, ""room"": 23, ""unknown_a3"": 0, ""position"": [0.0, 0.0, 176.599853515625], ""angles"": [0, 0, 0], ""params"": [1.0, 1.0, 1.0, 104, 0, 0], ""unused_pointer"": 2365473440}"
government-ep1/q411-bb-j,8,164,"{""base_type"": 331, ""set_flags"": 0, ""runtime_index"": 1905, ""file_offset"": 24800, ""floor_field"": 8, ""entity_id_field"": 18995, ""group"": 0, ""room"": 31, ""unknown_a3"": 0, ""position"": [75.0, 0.0, 176.599853515625], ""angles"": [0, 0, 0], ""params"": [1.0, 1.0, 1.0, 102, 0, 0], ""unused_pointer"": 2365416080}"
government-ep1/q411-bb-j,8,209,"{""base_type"": 331, ""set_flags"": 0, ""runtime_index"": 1484, ""file_offset"": 27860, ""floor_field"": 8, ""entity_id_field"": 17920, ""group"": 0, ""room"": 65, ""unknown_a3"": 0, ""position"": [-75.0, 0.0, -176.60006713867188], ""angles"": [0, 0, 0], ""params"": [1.000000238418579, 1.0, 1.0, 125, 0, -1], ""unused_pointer"": 2365304880}"
government-ep1/q412-bb-e,9,25,"{""base_type"": 331, ""set_flags"": 0, ""runtime_index"": 1643, ""file_offset"": 3568, ""floor_field"": 9, ""entity_id_field"": 18031, ""group"": 0, ""room"": 2, ""unknown_a3"": 0, ""position"": [0.0, 0.0, -76.60009765625], ""angles"": [0, 0, 0], ""params"": [1.000000238418579, 1.000000238418579, 1.000000238418579, 90, 0, 0], ""unused_pointer"": 2365214048}"
government-ep1/q412-bb-e,9,107,"{""base_type"": 331, ""set_flags"": 0, ""runtime_index"": 1970, ""file_offset"": 9144, ""floor_field"": 9, ""entity_id_field"": 18918, ""group"": 0, ""room"": 33, ""unknown_a3"": 0, ""position"": [0.30721282958984375, 0.0, -176.59616088867188], ""angles"": [0, 1, 0], ""params"": [1.000000238418579, 1.000000238418579, 1.000000238418579, 160, 0, 0], ""unused_pointer"": 2365232992}"
government-ep1/q412-bb-e,9,111,"{""base_type"": 331, ""set_flags"": 2, ""runtime_index"": 1476, ""file_offset"": 9416, ""floor_field"": 9, ""entity_id_field"": 28232, ""group"": 0, ""room"": 40, ""unknown_a3"": 0, ""position"": [-75.0045166015625, 0.0, 176.60055541992188], ""angles"": [0, 0, 0], ""params"": [1.000000238418579, 1.000000238418579, 1.000000238418579, 90, 0, 0], ""unused_pointer"": 4033802112}"
government-ep1/q412-bb-e,9,129,"{""base_type"": 331, ""set_flags"": 0, ""runtime_index"": 1637, ""file_offset"": 10640, ""floor_field"": 9, ""entity_id_field"": 18628, ""group"": 0, ""room"": 42, ""unknown_a3"": 0, ""position"": [176.6005859375, 0.0, 75.0], ""angles"": [0, 16384, 0], ""params"": [1.000000238418579, 1.000000238418579, 1.000000238418579, 160, 0, 0], ""unused_pointer"": 2365233856}"
government-ep1/q412-bb-j,9,25,"{""base_type"": 331, ""set_flags"": 0, ""runtime_index"": 1643, ""file_offset"": 3568, ""floor_field"": 9, ""entity_id_field"": 18031, ""group"": 0, ""room"": 2, ""unknown_a3"": 0, ""position"": [0.0, 0.0, -76.60009765625], ""angles"": [0, 0, 0], ""params"": [1.000000238418579, 1.000000238418579, 1.000000238418579, 90, 0, 0], ""unused_pointer"": 2365214048}"
government-ep1/q412-bb-j,9,107,"{""base_type"": 331, ""set_flags"": 0, ""runtime_index"": 1970, ""file_offset"": 9144, ""floor_field"": 9, ""entity_id_field"": 18918, ""group"": 0, ""room"": 33, ""unknown_a3"": 0, ""position"": [0.30721282958984375, 0.0, -176.59616088867188], ""angles"": [0, 1, 0], ""params"": [1.000000238418579, 1.000000238418579, 1.000000238418579, 160, 0, 0], ""unused_pointer"": 2365232992}"
government-ep1/q412-bb-j,9,111,"{""base_type"": 331, ""set_flags"": 2, ""runtime_index"": 1476, ""file_offset"": 9416, ""floor_field"": 9, ""entity_id_field"": 28232, ""group"": 0, ""room"": 40, ""unknown_a3"": 0, ""position"": [-75.0045166015625, 0.0, 176.60055541992188], ""angles"": [0, 0, 0], ""params"": [1.000000238418579, 1.000000238418579, 1.000000238418579, 90, 0, 0], ""unused_pointer"": 4033802112}"
government-ep1/q412-bb-j,9,129,"{""base_type"": 331, ""set_flags"": 0, ""runtime_index"": 1637, ""file_offset"": 10640, ""floor_field"": 9, ""entity_id_field"": 18628, ""group"": 0, ""room"": 42, ""unknown_a3"": 0, ""position"": [176.6005859375, 0.0, 75.0], ""angles"": [0, 16384, 0], ""params"": [1.000000238418579, 1.000000238418579, 1.000000238418579, 160, 0, 0], ""unused_pointer"": 2365233856}"
government-ep1/q413-bb-e,8,114,"{""base_type"": 331, ""set_flags"": 0, ""runtime_index"": 1875, ""file_offset"": 9620, ""floor_field"": 8, ""entity_id_field"": 18565, ""group"": 0, ""room"": 22, ""unknown_a3"": 0, ""position"": [0.01694488525390625, 0.0, -176.59983825683594], ""angles"": [0, 0, 0], ""params"": [1.0, 1.0, 1.0, 90, 0, 0], ""unused_pointer"": 2365419056}"
government-ep1/q413-bb-e,9,87,"{""base_type"": 331, ""set_flags"": 0, ""runtime_index"": 1690, ""file_offset"": 21400, ""floor_field"": 9, ""entity_id_field"": 19167, ""group"": 0, ""room"": 14, ""unknown_a3"": 0, ""position"": [0.0, 0.0, 76.5999755859375], ""angles"": [0, 0, 0], ""params"": [1.0, 1.0, 1.0, 90, 0, 0], ""unused_pointer"": 2365215696}"
government-ep1/q413-bb-e,9,168,"{""base_type"": 331, ""set_flags"": 0, ""runtime_index"": 1693, ""file_offset"": 26908, ""floor_field"": 9, ""entity_id_field"": 18723, ""group"": 0, ""room"": 41, ""unknown_a3"": 0, ""position"": [75.0, 0.0, -176.6000518798828], ""angles"": [0, 0, 0], ""params"": [1.0, 1.0, 1.0, 90, 0, 0], ""unused_pointer"": 2365351408}"
government-ep1/q413-bb-j,8,114,"{""base_type"": 331, ""set_flags"": 0, ""runtime_index"": 1875, ""file_offset"": 9620, ""floor_field"": 8, ""entity_id_field"": 18565, ""group"": 0, ""room"": 22, ""unknown_a3"": 0, ""position"": [0.01694488525390625, 0.0, -176.59983825683594], ""angles"": [0, 0, 0], ""params"": [1.0, 1.0, 1.0, 90, 0, 0], ""unused_pointer"": 2365419056}"
government-ep1/q413-bb-j,9,87,"{""base_type"": 331, ""set_flags"": 0, ""runtime_index"": 1690, ""file_offset"": 21400, ""floor_field"": 9, ""entity_id_field"": 19167, ""group"": 0, ""room"": 14, ""unknown_a3"": 0, ""position"": [0.0, 0.0, 76.5999755859375], ""angles"": [0, 0, 0], ""params"": [1.0, 1.0, 1.0, 90, 0, 0], ""unused_pointer"": 2365215696}"
government-ep1/q413-bb-j,9,168,"{""base_type"": 331, ""set_flags"": 0, ""runtime_index"": 1693, ""file_offset"": 26908, ""floor_field"": 9, ""entity_id_field"": 18723, ""group"": 0, ""room"": 41, ""unknown_a3"": 0, ""position"": [75.0, 0.0, -176.6000518798828], ""angles"": [0, 0, 0], ""params"": [1.0, 1.0, 1.0, 90, 0, 0], ""unused_pointer"": 2365351408}"
government-ep1/q414-bb-e,10,69,"{""base_type"": 331, ""set_flags"": 0, ""runtime_index"": 52487, ""file_offset"": 6560, ""floor_field"": 10, ""entity_id_field"": 47946, ""group"": 0, ""room"": 22, ""unknown_a3"": 0, ""position"": [0.0, 0.0, 126.60009765625], ""angles"": [0, 0, 0], ""params"": [1.0, 1.0, 1.0, 92, 0, 0], ""unused_pointer"": 3497193344}"
government-ep1/q414-bb-e,10,78,"{""base_type"": 331, ""set_flags"": 0, ""runtime_index"": 1642, ""file_offset"": 7172, ""floor_field"": 10, ""entity_id_field"": 18170, ""group"": 0, ""room"": 30, ""unknown_a3"": 0, ""position"": [126.60006713867188, 0.0, 0.0], ""angles"": [0, 16384, 0], ""params"": [1.000000238418579, 1.0, 1.0, 90, 0, 0], ""unused_pointer"": 2365253616}"
government-ep1/q414-bb-e,10,115,"{""base_type"": 331, ""set_flags"": 0, ""runtime_index"": 51719, ""file_offset"": 9688, ""floor_field"": 10, ""entity_id_field"": 44105, ""group"": 0, ""room"": 44, ""unknown_a3"": 0, ""position"": [75.0, 0.0, 176.6005859375], ""angles"": [0, 0, 0], ""params"": [1.0, 1.0, 1.0, 96, 0, 0], ""unused_pointer"": 4036292480}"
government-ep1/q414-bb-e,10,141,"{""base_type"": 331, ""set_flags"": 2, ""runtime_index"": 1733, ""file_offset"": 11456, ""floor_field"": 10, ""entity_id_field"": 8776, ""group"": 0, ""room"": 70, ""unknown_a3"": 0, ""position"": [-176.60494995117188, 0.0, -74.9989013671875], ""angles"": [0, 49152, 0], ""params"": [1.0, 1.0, 1.0, 90, 0, 0], ""unused_pointer"": 2148790144}"
government-ep1/q414-bb-e,10,147,"{""base_type"": 331, ""set_flags"": 2, ""runtime_index"": 1739, ""file_offset"": 11864, ""floor_field"": 10, ""entity_id_field"": 10568, ""group"": 0, ""room"": 70, ""unknown_a3"": 0, ""position"": [-74.99917602539062, 0.0, 176.60009765625], ""angles"": [0, 0, 0], ""params"": [1.0, 1.0, 1.0, 92, 0, 0], ""unused_pointer"": 2150494080}"
government-ep1/q414-bb-j,10,69,"{""base_type"": 331, ""set_flags"": 0, ""runtime_index"": 52487, ""file_offset"": 6560, ""floor_field"": 10, ""entity_id_field"": 47946, ""group"": 0, ""room"": 22, ""unknown_a3"": 0, ""position"": [0.0, 0.0, 126.60009765625], ""angles"": [0, 0, 0], ""params"": [1.0, 1.0, 1.0, 92, 0, 0], ""unused_pointer"": 3497193344}"
government-ep1/q414-bb-j,10,78,"{""base_type"": 331, ""set_flags"": 0, ""runtime_index"": 1642, ""file_offset"": 7172, ""floor_field"": 10, ""entity_id_field"": 18170, ""group"": 0, ""room"": 30, ""unknown_a3"": 0, ""position"": [126.60006713867188, 0.0, 0.0], ""angles"": [0, 16384, 0], ""params"": [1.000000238418579, 1.0, 1.0, 90, 0, 0], ""unused_pointer"": 2365253616}"
government-ep1/q414-bb-j,10,115,"{""base_type"": 331, ""set_flags"": 0, ""runtime_index"": 51719, ""file_offset"": 9688, ""floor_field"": 10, ""entity_id_field"": 44105, ""group"": 0, ""room"": 44, ""unknown_a3"": 0, ""position"": [75.0, 0.0, 176.6005859375], ""angles"": [0, 0, 0], ""params"": [1.0, 1.0, 1.0, 96, 0, 0], ""unused_pointer"": 4036292480}"
government-ep1/q414-bb-j,10,141,"{""base_type"": 331, ""set_flags"": 2, ""runtime_index"": 1733, ""file_offset"": 11456, ""floor_field"": 10, ""entity_id_field"": 8776, ""group"": 0, ""room"": 70, ""unknown_a3"": 0, ""position"": [-176.60494995117188, 0.0, -74.9989013671875], ""angles"": [0, 49152, 0], ""params"": [1.0, 1.0, 1.0, 90, 0, 0], ""unused_pointer"": 2148790144}"
government-ep1/q414-bb-j,10,147,"{""base_type"": 331, ""set_flags"": 2, ""runtime_index"": 1739, ""file_offset"": 11864, ""floor_field"": 10, ""entity_id_field"": 10568, ""group"": 0, ""room"": 70, ""unknown_a3"": 0, ""position"": [-74.99917602539062, 0.0, 176.60009765625], ""angles"": [0, 0, 0], ""params"": [1.0, 1.0, 1.0, 92, 0, 0], ""unused_pointer"": 2150494080}"
government-ep1/q415-bb-e,8,128,"{""base_type"": 331, ""set_flags"": 0, ""runtime_index"": 1888, ""file_offset"": 10572, ""floor_field"": 8, ""entity_id_field"": 19347, ""group"": 0, ""room"": 22, ""unknown_a3"": 0, ""position"": [0.01694488525390625, 0.0, -176.59983825683594], ""angles"": [0, 0, 0], ""params"": [1.0, 1.0, 1.0, 90, 0, 0], ""unused_pointer"": 2365374096}"
government-ep1/q415-bb-e,8,176,"{""base_type"": 331, ""set_flags"": 0, ""runtime_index"": 1931, ""file_offset"": 13836, ""floor_field"": 8, ""entity_id_field"": 19320, ""group"": 0, ""room"": 50, ""unknown_a3"": 0, ""position"": [75.0, 0.0, 176.59996032714844], ""angles"": [0, -32768, 0], ""params"": [1.0, 1.0, 1.0, 240, 0, -1], ""unused_pointer"": 2365252096}"
government-ep1/q415-bb-e,9,112,"{""base_type"": 331, ""set_flags"": 2, ""runtime_index"": 385, ""file_offset"": 26228, ""floor_field"": 9, ""entity_id_field"": 16769, ""group"": 0, ""room"": 22, ""unknown_a3"": 0, ""position"": [-126.60009765625, 0.0, 0.0], ""angles"": [0, 16384, 0], ""params"": [1.0, 1.0, 1.0, 110, 0, -1], ""unused_pointer"": 114919536}"
government-ep1/q415-bb-e,9,116,"{""base_type"": 331, ""set_flags"": 0, ""runtime_index"": 776, ""file_offset"": 26500, ""floor_field"": 9, ""entity_id_field"": 19309, ""group"": 0, ""room"": 23, ""unknown_a3"": 0, ""position"": [0.0, 0.0, -126.60002136230469], ""angles"": [0, 0, 0], ""params"": [1.0, 1.0, 1.0, 95, 0, 0], ""unused_pointer"": 114921872}"
government-ep1/q415-bb-e,9,145,"{""base_type"": 331, ""set_flags"": 2, ""runtime_index"": 418, ""file_offset"": 28472, ""floor_field"": 9, ""entity_id_field"": 16802, ""group"": 0, ""room"": 33, ""unknown_a3"": 0, ""position"": [0.0, 0.0, 176.60003662109375], ""angles"": [0, 0, 0], ""params"": [1.0, 1.0, 1.0, 240, 0, -1], ""unused_pointer"": 114936736}"
government-ep1/q415-bb-e,10,106,"{""base_type"": 331, ""set_flags"": 2, ""runtime_index"": 627, ""file_offset"": 42700, ""floor_field"": 10, ""entity_id_field"": 17011, ""group"": 0, ""room"": 22, ""unknown_a3"": 0, ""position"": [126.60009765625, 0.0, 0.0], ""angles"": [0, 16384, 0], ""params"": [1.0, 1.0, 1.0, 94, 0, -1], ""unused_pointer"": 114908384}"
government-ep1/q415-bb-e,10,126,"{""base_type"": 331, ""set_flags"": 0, ""runtime_index"": 779, ""file_offset"": 44060, ""floor_field"": 10, ""entity_id_field"": 19380, ""group"": 0, ""room"": 31, ""unknown_a3"": 0, ""position"": [-126.60009765625, 0.0, 0.0], ""angles"": [0, 16384, 0], ""params"": [1.0, 1.0, 1.0, 240, 0, 0], ""unused_pointer"": 114920160}"
government-ep1/q415-bb-e,10,149,"{""base_type"": 331, ""set_flags"": 2, ""runtime_index"": 670, ""file_offset"": 45624, ""floor_field"": 10, ""entity_id_field"": 17054, ""group"": 0, ""room"": 41, ""unknown_a3"": 0, ""position"": [75.0000228881836, 0.0, -176.60009765625], ""angles"": [0, 0, 0], ""params"": [1.0, 1.0, 1.0, 92, 0, 0], ""unused_pointer"": 114933104}"
government-ep1/q415-bb-e,10,192,"{""base_type"": 331, ""set_flags"": 2, ""runtime_index"": 713, ""file_offset"": 48548, ""floor_field"": 10, ""entity_id_field"": 17097, ""group"": 0, ""room"": 65, ""unknown_a3"": 0, ""position"": [-176.60009765625, 0.0, -75.0], ""angles"": [0, -49152, 0], ""params"": [1.0, 1.0, 1.0, 90, 0, 0], ""unused_pointer"": 114961008}"
government-ep1/q415-bb-e,10,198,"{""base_type"": 331, ""set_flags"": 2, ""runtime_index"": 719, ""file_offset"": 48956, ""floor_field"": 10, ""entity_id_field"": 17103, ""group"": 0, ""room"": 75, ""unknown_a3"": 0, ""position"": [-75.0001220703125, 0.0, -176.59991455078125], ""angles"": [0, 0, 0], ""params"": [1.0, 1.0, 1.0, 94, 0, -1], ""unused_pointer"": 114962496}"
government-ep1/q415-bb-j,8,128,"{""base_type"": 331, ""set_flags"": 0, ""runtime_index"": 1888, ""file_offset"": 10572, ""floor_field"": 8, ""entity_id_field"": 19347, ""group"": 0, ""room"": 22, ""unknown_a3"": 0, ""position"": [0.01694488525390625, 0.0, -176.59983825683594], ""angles"": [0, 0, 0], ""params"": [1.0, 1.0, 1.0, 90, 0, 0], ""unused_pointer"": 2365374096}"
government-ep1/q415-bb-j,8,176,"{""base_type"": 331, ""set_flags"": 0, ""runtime_index"": 1931, ""file_offset"": 13836, ""floor_field"": 8, ""entity_id_field"": 19320, ""group"": 0, ""room"": 50, ""unknown_a3"": 0, ""position"": [75.0, 0.0, 176.59996032714844], ""angles"": [0, -32768, 0], ""params"": [1.0, 1.0, 1.0, 240, 0, -1], ""unused_pointer"": 2365252096}"
government-ep1/q415-bb-j,9,112,"{""base_type"": 331, ""set_flags"": 2, ""runtime_index"": 385, ""file_offset"": 26228, ""floor_field"": 9, ""entity_id_field"": 16769, ""group"": 0, ""room"": 22, ""unknown_a3"": 0, ""position"": [-126.60009765625, 0.0, 0.0], ""angles"": [0, 16384, 0], ""params"": [1.0, 1.0, 1.0, 110, 0, -1], ""unused_pointer"": 114919536}"
government-ep1/q415-bb-j,9,116,"{""base_type"": 331, ""set_flags"": 0, ""runtime_index"": 776, ""file_offset"": 26500, ""floor_field"": 9, ""entity_id_field"": 19309, ""group"": 0, ""room"": 23, ""unknown_a3"": 0, ""position"": [0.0, 0.0, -126.60002136230469], ""angles"": [0, 0, 0], ""params"": [1.0, 1.0, 1.0, 95, 0, 0], ""unused_pointer"": 114921872}"
government-ep1/q415-bb-j,9,145,"{""base_type"": 331, ""set_flags"": 2, ""runtime_index"": 418, ""file_offset"": 28472, ""floor_field"": 9, ""entity_id_field"": 16802, ""group"": 0, ""room"": 33, ""unknown_a3"": 0, ""position"": [0.0, 0.0, 176.60003662109375], ""angles"": [0, 0, 0], ""params"": [1.0, 1.0, 1.0, 240, 0, -1], ""unused_pointer"": 114936736}"
government-ep1/q415-bb-j,10,106,"{""base_type"": 331, ""set_flags"": 2, ""runtime_index"": 627, ""file_offset"": 42700, ""floor_field"": 10, ""entity_id_field"": 17011, ""group"": 0, ""room"": 22, ""unknown_a3"": 0, ""position"": [126.60009765625, 0.0, 0.0], ""angles"": [0, 16384, 0], ""params"": [1.0, 1.0, 1.0, 94, 0, -1], ""unused_pointer"": 114908384}"
government-ep1/q415-bb-j,10,126,"{""base_type"": 331, ""set_flags"": 0, ""runtime_index"": 779, ""file_offset"": 44060, ""floor_field"": 10, ""entity_id_field"": 19380, ""group"": 0, ""room"": 31, ""unknown_a3"": 0, ""position"": [-126.60009765625, 0.0, 0.0], ""angles"": [0, 16384, 0], ""params"": [1.0, 1.0, 1.0, 240, 0, 0], ""unused_pointer"": 114920160}"
government-ep1/q415-bb-j,10,149,"{""base_type"": 331, ""set_flags"": 2, ""runtime_index"": 670, ""file_offset"": 45624, ""floor_field"": 10, ""entity_id_field"": 17054, ""group"": 0, ""room"": 41, ""unknown_a3"": 0, ""position"": [75.0000228881836, 0.0, -176.60009765625], ""angles"": [0, 0, 0], ""params"": [1.0, 1.0, 1.0, 92, 0, 0], ""unused_pointer"": 114933104}"
government-ep1/q415-bb-j,10,192,"{""base_type"": 331, ""set_flags"": 2, ""runtime_index"": 713, ""file_offset"": 48548, ""floor_field"": 10, ""entity_id_field"": 17097, ""group"": 0, ""room"": 65, ""unknown_a3"": 0, ""position"": [-176.60009765625, 0.0, -75.0], ""angles"": [0, -49152, 0], ""params"": [1.0, 1.0, 1.0, 90, 0, 0], ""unused_pointer"": 114961008}"
government-ep1/q415-bb-j,10,198,"{""base_type"": 331, ""set_flags"": 2, ""runtime_index"": 719, ""file_offset"": 48956, ""floor_field"": 10, ""entity_id_field"": 17103, ""group"": 0, ""room"": 75, ""unknown_a3"": 0, ""position"": [-75.0001220703125, 0.0, -176.59991455078125], ""angles"": [0, 0, 0], ""params"": [1.0, 1.0, 1.0, 94, 0, -1], ""unused_pointer"": 114962496}"
retrieval-ep1/q119-bb-e,10,7,"{""base_type"": 331, ""set_flags"": 0, ""runtime_index"": 2062, ""file_offset"": 27128, ""floor_field"": 10, ""entity_id_field"": 18589, ""group"": 0, ""room"": 3, ""unknown_a3"": 0, ""position"": [0.0, 0.0, -76.699951171875], ""angles"": [0, 0, 0], ""params"": [1.0, 1.0, 1.0, 81, 0, 0], ""unused_pointer"": 34116144}"
retrieval-ep1/q119-bb-e,10,8,"{""base_type"": 331, ""set_flags"": 0, ""runtime_index"": 2061, ""file_offset"": 27196, ""floor_field"": 10, ""entity_id_field"": 18587, ""group"": 0, ""room"": 3, ""unknown_a3"": 0, ""position"": [0.0, 0.0, -173.300048828125], ""angles"": [0, 0, 0], ""params"": [1.0, 1.0, 1.0, 81, 0, 0], ""unused_pointer"": 34115888}"
retrieval-ep1/q119-bb-j,10,7,"{""base_type"": 331, ""set_flags"": 0, ""runtime_index"": 2062, ""file_offset"": 27128, ""floor_field"": 10, ""entity_id_field"": 18589, ""group"": 0, ""room"": 3, ""unknown_a3"": 0, ""position"": [0.0, 0.0, -76.699951171875], ""angles"": [0, 0, 0], ""params"": [1.0, 1.0, 1.0, 81, 0, 0], ""unused_pointer"": 34116144}"
retrieval-ep1/q119-bb-j,10,8,"{""base_type"": 331, ""set_flags"": 0, ""runtime_index"": 2061, ""file_offset"": 27196, ""floor_field"": 10, ""entity_id_field"": 18587, ""group"": 0, ""room"": 3, ""unknown_a3"": 0, ""position"": [0.0, 0.0, -173.300048828125], ""angles"": [0, 0, 0], ""params"": [1.0, 1.0, 1.0, 81, 0, 0], ""unused_pointer"": 34115888}"
solo-story-ep1/q019-bb-e,10,74,"{""base_type"": 331, ""set_flags"": 0, ""runtime_index"": 1608, ""file_offset"": 13172, ""floor_field"": 10, ""entity_id_field"": 18388, ""group"": 0, ""room"": 21, ""unknown_a3"": 0, ""position"": [126.60003662109375, 0.0, 0.0], ""angles"": [0, 16384, 0], ""params"": [1.0, 1.0, 1.0, 3, 0, 0], ""unused_pointer"": 2365324048}"
solo-story-ep1/q019-bb-e,10,136,"{""base_type"": 331, ""set_flags"": 0, ""runtime_index"": 1645, ""file_offset"": 17388, ""floor_field"": 10, ""entity_id_field"": 18409, ""group"": 0, ""room"": 40, ""unknown_a3"": 0, ""position"": [-176.60009765625, 0.0, -75.0], ""angles"": [0, 16384, 0], ""params"": [1.0, 1.0, 1.0, 3, 0, 0], ""unused_pointer"": 2365321616}"
solo-story-ep1/q019-bb-e,10,142,"{""base_type"": 331, ""set_flags"": 0, ""runtime_index"": 1615, ""file_offset"": 17796, ""floor_field"": 10, ""entity_id_field"": 18323, ""group"": 0, ""room"": 41, ""unknown_a3"": 0, ""position"": [-176.5999755859375, 0.0, 75.0], ""angles"": [0, 16384, 0], ""params"": [1.0, 1.0, 1.0, 90, 0, 0], ""unused_pointer"": 2365285152}"
solo-story-ep1/q019-bb-e,10,151,"{""base_type"": 331, ""set_flags"": 0, ""runtime_index"": 1617, ""file_offset"": 18408, ""floor_field"": 10, ""entity_id_field"": 18371, ""group"": 0, ""room"": 42, ""unknown_a3"": 0, ""position"": [-75.0, 0.0, -176.599609375], ""angles"": [0, 0, 0], ""params"": [1.0, 1.0, 1.0, 92, 0, 0], ""unused_pointer"": 2365287536}"
solo-story-ep1/q019-bb-j,10,74,"{""base_type"": 331, ""set_flags"": 0, ""runtime_index"": 1608, ""file_offset"": 13172, ""floor_field"": 10, ""entity_id_field"": 18388, ""group"": 0, ""room"": 21, ""unknown_a3"": 0, ""position"": [126.60003662109375, 0.0, 0.0], ""angles"": [0, 16384, 0], ""params"": [1.0, 1.0, 1.0, 3, 0, 0], ""unused_pointer"": 2365324048}"
solo-story-ep1/q019-bb-j,10,136,"{""base_type"": 331, ""set_flags"": 0, ""runtime_index"": 1645, ""file_offset"": 17388, ""floor_field"": 10, ""entity_id_field"": 18409, ""group"": 0, ""room"": 40, ""unknown_a3"": 0, ""position"": [-176.60009765625, 0.0, -75.0], ""angles"": [0, 16384, 0], ""params"": [1.0, 1.0, 1.0, 3, 0, 0], ""unused_pointer"": 2365321616}"
solo-story-ep1/q019-bb-j,10,142,"{""base_type"": 331, ""set_flags"": 0, ""runtime_index"": 1615, ""file_offset"": 17796, ""floor_field"": 10, ""entity_id_field"": 18323, ""group"": 0, ""room"": 41, ""unknown_a3"": 0, ""position"": [-176.5999755859375, 0.0, 75.0], ""angles"": [0, 16384, 0], ""params"": [1.0, 1.0, 1.0, 90, 0, 0], ""unused_pointer"": 2365285152}"
solo-story-ep1/q019-bb-j,10,151,"{""base_type"": 331, ""set_flags"": 0, ""runtime_index"": 1617, ""file_offset"": 18408, ""floor_field"": 10, ""entity_id_field"": 18371, ""group"": 0, ""room"": 42, ""unknown_a3"": 0, ""position"": [-75.0, 0.0, -176.599609375], ""angles"": [0, 0, 0], ""params"": [1.0, 1.0, 1.0, 92, 0, 0], ""unused_pointer"": 2365287536}"
solo-story-ep1/q022-bb-e,10,60,"{""base_type"": 331, ""set_flags"": 0, ""runtime_index"": 1642, ""file_offset"": 5880, ""floor_field"": 10, ""entity_id_field"": 18170, ""group"": 0, ""room"": 30, ""unknown_a3"": 0, ""position"": [126.60006713867188, 0.0, 0.0], ""angles"": [0, 16384, 0], ""params"": [1.000000238418579, 1.0, 1.0, 90, 0, 0], ""unused_pointer"": 2365253616}"
solo-story-ep1/q022-bb-j,10,60,"{""base_type"": 331, ""set_flags"": 0, ""runtime_index"": 1642, ""file_offset"": 5880, ""floor_field"": 10, ""entity_id_field"": 18170, ""group"": 0, ""room"": 30, ""unknown_a3"": 0, ""position"": [126.60006713867188, 0.0, 0.0], ""angles"": [0, 16384, 0], ""params"": [1.000000238418579, 1.0, 1.0, 90, 0, 0], ""unused_pointer"": 2365253616}"
solo-story-ep1/q023-bb-e,8,70,"{""base_type"": 331, ""set_flags"": 0, ""runtime_index"": 1630, ""file_offset"": 6560, ""floor_field"": 8, ""entity_id_field"": 18227, ""group"": 0, ""room"": 10, ""unknown_a3"": 0, ""position"": [0.0, 0.0, 126.60009765625], ""angles"": [0, 0, 0], ""params"": [1.0, 1.0, 1.0, 43, 0, 0], ""unused_pointer"": 2365325712}"
solo-story-ep1/q023-bb-j,8,70,"{""base_type"": 331, ""set_flags"": 0, ""runtime_index"": 1630, ""file_offset"": 6560, ""floor_field"": 8, ""entity_id_field"": 18227, ""group"": 0, ""room"": 10, ""unknown_a3"": 0, ""position"": [0.0, 0.0, 126.60009765625], ""angles"": [0, 0, 0], ""params"": [1.0, 1.0, 1.0, 43, 0, 0], ""unused_pointer"": 2365325712}"
solo-story-ep1/q024-bb-e,8,91,"{""base_type"": 331, ""set_flags"": 0, ""runtime_index"": 1909, ""file_offset"": 7988, ""floor_field"": 8, ""entity_id_field"": 19036, ""group"": 0, ""room"": 23, ""unknown_a3"": 0, ""position"": [0.0, 0.0, 176.599853515625], ""angles"": [0, 0, 0], ""params"": [1.0, 1.0, 1.0, 104, 0, 0], ""unused_pointer"": 2365473440}"
solo-story-ep1/q024-bb-e,8,109,"{""base_type"": 331, ""set_flags"": 0, ""runtime_index"": 1891, ""file_offset"": 9212, ""floor_field"": 8, ""entity_id_field"": 18383, ""group"": 0, ""room"": 30, ""unknown_a3"": 0, ""position"": [75.0, 0.0, -176.599853515625], ""angles"": [0, 0, 0], ""params"": [1.0, 1.0, 1.0, 100, 0, 0], ""unused_pointer"": 2365238128}"
solo-story-ep1/q024-bb-e,8,153,"{""base_type"": 331, ""set_flags"": 0, ""runtime_index"": 1905, ""file_offset"": 12204, ""floor_field"": 8, ""entity_id_field"": 18995, ""group"": 0, ""room"": 31, ""unknown_a3"": 0, ""position"": [75.0, 0.0, 176.599853515625], ""angles"": [0, 0, 0], ""params"": [1.0, 1.0, 1.0, 102, 0, 0], ""unused_pointer"": 2365416080}"
solo-story-ep1/q024-bb-e,9,23,"{""base_type"": 331, ""set_flags"": 0, ""runtime_index"": 1643, ""file_offset"": 18476, ""floor_field"": 9, ""entity_id_field"": 18031, ""group"": 0, ""room"": 2, ""unknown_a3"": 0, ""position"": [0.0, 0.0, -76.60009765625], ""angles"": [0, 0, 0], ""params"": [1.000000238418579, 1.000000238418579, 1.000000238418579, 90, 0, 0], ""unused_pointer"": 2365214048}"
solo-story-ep1/q024-bb-e,9,75,"{""base_type"": 331, ""set_flags"": 0, ""runtime_index"": 1647, ""file_offset"": 22012, ""floor_field"": 9, ""entity_id_field"": 18231, ""group"": 0, ""room"": 22, ""unknown_a3"": 0, ""position"": [126.6005859375, 0.0, 0.0], ""angles"": [0, 16384, 0], ""params"": [0.9997262954711914, 1.000000238418579, 1.000000238418579, 92, 0, 0], ""unused_pointer"": 2365222112}"
solo-story-ep1/q024-bb-e,9,81,"{""base_type"": 331, ""set_flags"": 0, ""runtime_index"": 1905, ""file_offset"": 22420, ""floor_field"": 9, ""entity_id_field"": 18546, ""group"": 0, ""room"": 23, ""unknown_a3"": 0, ""position"": [0.0, 0.0, 126.599853515625], ""angles"": [0, 0, 0], ""params"": [1.000000238418579, 1.000000238418579, 1.000000238418579, 215, 0, 0], ""unused_pointer"": 2365399664}"
solo-story-ep1/q024-bb-e,9,105,"{""base_type"": 331, ""set_flags"": 0, ""runtime_index"": 1638, ""file_offset"": 24052, ""floor_field"": 9, ""entity_id_field"": 18221, ""group"": 0, ""room"": 33, ""unknown_a3"": 0, ""position"": [0.30715179443359375, 0.0, -177.27682495117188], ""angles"": [0, 1, 0], ""params"": [1.000000238418579, 1.000000238418579, 1.000000238418579, 160, 0, 0], ""unused_pointer"": 2365275920}"
solo-story-ep1/q024-bb-e,9,109,"{""base_type"": 331, ""set_flags"": 0, ""runtime_index"": 1637, ""file_offset"": 24324, ""floor_field"": 9, ""entity_id_field"": 18300, ""group"": 0, ""room"": 40, ""unknown_a3"": 0, ""position"": [-75.0045166015625, 0.0, 176.60055541992188], ""angles"": [0, 0, 0], ""params"": [1.000000238418579, 1.000000238418579, 1.000000238418579, 90, 0, 0], ""unused_pointer"": 2365278352}"
solo-story-ep1/q024-bb-e,9,127,"{""base_type"": 331, ""set_flags"": 0, ""runtime_index"": 1637, ""file_offset"": 25548, ""floor_field"": 9, ""entity_id_field"": 18978, ""group"": 0, ""room"": 42, ""unknown_a3"": 0, ""position"": [176.6005859375, 0.0, 75.0], ""angles"": [0, 16384, 0], ""params"": [1.000000238418579, 1.000000238418579, 1.000000238418579, 160, 0, 0], ""unused_pointer"": 2365322720}"
solo-story-ep1/q024-bb-e,9,128,"{""base_type"": 331, ""set_flags"": 0, ""runtime_index"": 1901, ""file_offset"": 25616, ""floor_field"": 9, ""entity_id_field"": 18542, ""group"": 0, ""room"": 43, ""unknown_a3"": 0, ""position"": [75.0, 0.0, -176.60003662109375], ""angles"": [0, 0, 0], ""params"": [1.000000238418579, 1.000000238418579, 1.000000238418579, 215, 0, 0], ""unused_pointer"": 2365390864}"
solo-story-ep1/q024-bb-j,8,91,"{""base_type"": 331, ""set_flags"": 0, ""runtime_index"": 1909, ""file_offset"": 7988, ""floor_field"": 8, ""entity_id_field"": 19036, ""group"": 0, ""room"": 23, ""unknown_a3"": 0, ""position"": [0.0, 0.0, 176.599853515625], ""angles"": [0, 0, 0], ""params"": [1.0, 1.0, 1.0, 104, 0, 0], ""unused_pointer"": 2365473440}"
solo-story-ep1/q024-bb-j,8,109,"{""base_type"": 331, ""set_flags"": 0, ""runtime_index"": 1891, ""file_offset"": 9212, ""floor_field"": 8, ""entity_id_field"": 18383, ""group"": 0, ""room"": 30, ""unknown_a3"": 0, ""position"": [75.0, 0.0, -176.599853515625], ""angles"": [0, 0, 0], ""params"": [1.0, 1.0, 1.0, 100, 0, 0], ""unused_pointer"": 2365238128}"
solo-story-ep1/q024-bb-j,8,153,"{""base_type"": 331, ""set_flags"": 0, ""runtime_index"": 1905, ""file_offset"": 12204, ""floor_field"": 8, ""entity_id_field"": 18995, ""group"": 0, ""room"": 31, ""unknown_a3"": 0, ""position"": [75.0, 0.0, 176.599853515625], ""angles"": [0, 0, 0], ""params"": [1.0, 1.0, 1.0, 102, 0, 0], ""unused_pointer"": 2365416080}"
solo-story-ep1/q024-bb-j,9,23,"{""base_type"": 331, ""set_flags"": 0, ""runtime_index"": 1643, ""file_offset"": 18476, ""floor_field"": 9, ""entity_id_field"": 18031, ""group"": 0, ""room"": 2, ""unknown_a3"": 0, ""position"": [0.0, 0.0, -76.60009765625], ""angles"": [0, 0, 0], ""params"": [1.000000238418579, 1.000000238418579, 1.000000238418579, 90, 0, 0], ""unused_pointer"": 2365214048}"
solo-story-ep1/q024-bb-j,9,75,"{""base_type"": 331, ""set_flags"": 0, ""runtime_index"": 1647, ""file_offset"": 22012, ""floor_field"": 9, ""entity_id_field"": 18231, ""group"": 0, ""room"": 22, ""unknown_a3"": 0, ""position"": [126.6005859375, 0.0, 0.0], ""angles"": [0, 16384, 0], ""params"": [0.9997262954711914, 1.000000238418579, 1.000000238418579, 92, 0, 0], ""unused_pointer"": 2365222112}"
solo-story-ep1/q024-bb-j,9,81,"{""base_type"": 331, ""set_flags"": 0, ""runtime_index"": 1905, ""file_offset"": 22420, ""floor_field"": 9, ""entity_id_field"": 18546, ""group"": 0, ""room"": 23, ""unknown_a3"": 0, ""position"": [0.0, 0.0, 126.599853515625], ""angles"": [0, 0, 0], ""params"": [1.000000238418579, 1.000000238418579, 1.000000238418579, 215, 0, 0], ""unused_pointer"": 2365399664}"
solo-story-ep1/q024-bb-j,9,105,"{""base_type"": 331, ""set_flags"": 0, ""runtime_index"": 1638, ""file_offset"": 24052, ""floor_field"": 9, ""entity_id_field"": 18221, ""group"": 0, ""room"": 33, ""unknown_a3"": 0, ""position"": [0.30715179443359375, 0.0, -177.27682495117188], ""angles"": [0, 1, 0], ""params"": [1.000000238418579, 1.000000238418579, 1.000000238418579, 160, 0, 0], ""unused_pointer"": 2365275920}"
solo-story-ep1/q024-bb-j,9,109,"{""base_type"": 331, ""set_flags"": 0, ""runtime_index"": 1637, ""file_offset"": 24324, ""floor_field"": 9, ""entity_id_field"": 18300, ""group"": 0, ""room"": 40, ""unknown_a3"": 0, ""position"": [-75.0045166015625, 0.0, 176.60055541992188], ""angles"": [0, 0, 0], ""params"": [1.000000238418579, 1.000000238418579, 1.000000238418579, 90, 0, 0], ""unused_pointer"": 2365278352}"
solo-story-ep1/q024-bb-j,9,127,"{""base_type"": 331, ""set_flags"": 0, ""runtime_index"": 1637, ""file_offset"": 25548, ""floor_field"": 9, ""entity_id_field"": 18978, ""group"": 0, ""room"": 42, ""unknown_a3"": 0, ""position"": [176.6005859375, 0.0, 75.0], ""angles"": [0, 16384, 0], ""params"": [1.000000238418579, 1.000000238418579, 1.000000238418579, 160, 0, 0], ""unused_pointer"": 2365322720}"
solo-story-ep1/q024-bb-j,9,128,"{""base_type"": 331, ""set_flags"": 0, ""runtime_index"": 1901, ""file_offset"": 25616, ""floor_field"": 9, ""entity_id_field"": 18542, ""group"": 0, ""room"": 43, ""unknown_a3"": 0, ""position"": [75.0, 0.0, -176.60003662109375], ""angles"": [0, 0, 0], ""params"": [1.000000238418579, 1.000000238418579, 1.000000238418579, 215, 0, 0], ""unused_pointer"": 2365390864}"
solo-story-ep1/q025-bb-e,9,90,"{""base_type"": 331, ""set_flags"": 2, ""runtime_index"": 116, ""file_offset"": 7920, ""floor_field"": 9, ""entity_id_field"": 16500, ""group"": 0, ""room"": 20, ""unknown_a3"": 0, ""position"": [0.0, 0.0, -126.5999755859375], ""angles"": [0, 0, 0], ""params"": [1.0, 1.0, 1.0, 95, 0, 0], ""unused_pointer"": 118238000}"
solo-story-ep1/q025-bb-e,10,89,"{""base_type"": 331, ""set_flags"": 0, ""runtime_index"": 1642, ""file_offset"": 23304, ""floor_field"": 10, ""entity_id_field"": 18170, ""group"": 0, ""room"": 30, ""unknown_a3"": 0, ""position"": [126.60006713867188, 0.0, 0.0], ""angles"": [0, 16384, 0], ""params"": [1.000000238418579, 1.0, 1.0, 90, 0, 0], ""unused_pointer"": 2365253616}"
solo-story-ep1/q025-bb-e,10,131,"{""base_type"": 331, ""set_flags"": 0, ""runtime_index"": 1673, ""file_offset"": 26160, ""floor_field"": 10, ""entity_id_field"": 18524, ""group"": 0, ""room"": 43, ""unknown_a3"": 0, ""position"": [176.5999755859375, 0.0, -75.0], ""angles"": [0, 16384, 0], ""params"": [1.0, 1.0, 1.0, 212, 0, 0], ""unused_pointer"": 2365329312}"
solo-story-ep1/q025-bb-j,9,90,"{""base_type"": 331, ""set_flags"": 2, ""runtime_index"": 116, ""file_offset"": 7920, ""floor_field"": 9, ""entity_id_field"": 16500, ""group"": 0, ""room"": 20, ""unknown_a3"": 0, ""position"": [0.0, 0.0, -126.5999755859375], ""angles"": [0, 0, 0], ""params"": [1.0, 1.0, 1.0, 95, 0, 0], ""unused_pointer"": 118238000}"
solo-story-ep1/q025-bb-j,10,89,"{""base_type"": 331, ""set_flags"": 0, ""runtime_index"": 1642, ""file_offset"": 23304, ""floor_field"": 10, ""entity_id_field"": 18170, ""group"": 0, ""room"": 30, ""unknown_a3"": 0, ""position"": [126.60006713867188, 0.0, 0.0], ""angles"": [0, 16384, 0], ""params"": [1.000000238418579, 1.0, 1.0, 90, 0, 0], ""unused_pointer"": 2365253616}"
solo-story-ep1/q025-bb-j,10,131,"{""base_type"": 331, ""set_flags"": 0, ""runtime_index"": 1673, ""file_offset"": 26160, ""floor_field"": 10, ""entity_id_field"": 18524, ""group"": 0, ""room"": 43, ""unknown_a3"": 0, ""position"": [176.5999755859375, 0.0, -75.0], ""angles"": [0, 16384, 0], ""params"": [1.0, 1.0, 1.0, 212, 0, 0], ""unused_pointer"": 2365329312}"
vr-ep1/q990-bb-e,8,92,"{""base_type"": 331, ""set_flags"": 0, ""runtime_index"": 1909, ""file_offset"": 133508, ""floor_field"": 8, ""entity_id_field"": 19036, ""group"": 0, ""room"": 23, ""unknown_a3"": 0, ""position"": [0.0, 0.0, 176.599853515625], ""angles"": [0, 0, 0], ""params"": [1.0, 1.0, 1.0, 104, 0, 0], ""unused_pointer"": 2365473440}"
vr-ep1/q990-bb-e,8,110,"{""base_type"": 331, ""set_flags"": 0, ""runtime_index"": 1473, ""file_offset"": 134732, ""floor_field"": 8, ""entity_id_field"": 17874, ""group"": 0, ""room"": 30, ""unknown_a3"": 0, ""position"": [75.0, 0.0, -176.599853515625], ""angles"": [0, 0, 0], ""params"": [1.0, 1.0, 1.0, 100, 0, -1], ""unused_pointer"": 2365244624}"
vr-ep1/q990-bb-e,8,154,"{""base_type"": 331, ""set_flags"": 0, ""runtime_index"": 1905, ""file_offset"": 137724, ""floor_field"": 8, ""entity_id_field"": 18995, ""group"": 0, ""room"": 31, ""unknown_a3"": 0, ""position"": [75.0, 0.0, 176.599853515625], ""angles"": [0, 0, 0], ""params"": [1.0, 1.0, 1.0, 102, 0, 0], ""unused_pointer"": 2365416080}"
vr-ep1/q990-bb-e,8,199,"{""base_type"": 331, ""set_flags"": 0, ""runtime_index"": 1484, ""file_offset"": 140784, ""floor_field"": 8, ""entity_id_field"": 17920, ""group"": 0, ""room"": 65, ""unknown_a3"": 0, ""position"": [-75.0, 0.0, -176.60006713867188], ""angles"": [0, 0, 0], ""params"": [1.000000238418579, 1.0, 1.0, 125, 0, -1], ""unused_pointer"": 2365304880}"
vr-ep1/q990-bb-e,9,22,"{""base_type"": 331, ""set_flags"": 0, ""runtime_index"": 1643, ""file_offset"": 174608, ""floor_field"": 9, ""entity_id_field"": 18031, ""group"": 0, ""room"": 2, ""unknown_a3"": 0, ""position"": [0.0, 0.0, -76.60009765625], ""angles"": [0, 0, 0], ""params"": [1.000000238418579, 1.000000238418579, 1.000000238418579, 90, 0, 0], ""unused_pointer"": 2365214048}"
vr-ep1/q990-bb-e,9,76,"{""base_type"": 331, ""set_flags"": 0, ""runtime_index"": 1965, ""file_offset"": 178280, ""floor_field"": 9, ""entity_id_field"": 18660, ""group"": 0, ""room"": 22, ""unknown_a3"": 0, ""position"": [126.6005859375, 0.0, 0.0], ""angles"": [0, 16384, 0], ""params"": [0.9997262954711914, 1.000000238418579, 1.000000238418579, 92, 0, -1], ""unused_pointer"": 2365414448}"
vr-ep1/q990-bb-e,9,86,"{""base_type"": 331, ""set_flags"": 0, ""runtime_index"": 1948, ""file_offset"": 178960, ""floor_field"": 9, ""entity_id_field"": 18618, ""group"": 0, ""room"": 23, ""unknown_a3"": 0, ""position"": [126.599853515625, 0.0, 0.0], ""angles"": [0, 16384, 0], ""params"": [1.000000238418579, 1.000000238418579, 1.000000238418579, 240, 0, -1], ""unused_pointer"": 2365382624}"
vr-ep1/q990-bb-e,9,120,"{""base_type"": 331, ""set_flags"": 0, ""runtime_index"": 1970, ""file_offset"": 181272, ""floor_field"": 9, ""entity_id_field"": 18918, ""group"": 0, ""room"": 33, ""unknown_a3"": 0, ""position"": [0.30721282958984375, 0.0, -176.59616088867188], ""angles"": [0, 1, 0], ""params"": [1.000000238418579, 1.000000238418579, 1.000000238418579, 160, 0, 0], ""unused_pointer"": 2365232992}"
vr-ep1/q990-bb-e,9,124,"{""base_type"": 331, ""set_flags"": 2, ""runtime_index"": 1476, ""file_offset"": 181544, ""floor_field"": 9, ""entity_id_field"": 17860, ""group"": 0, ""room"": 40, ""unknown_a3"": 0, ""position"": [-75.0045166015625, 0.0, 176.60055541992188], ""angles"": [0, 0, 0], ""params"": [1.000000238418579, 1.000000238418579, 1.000000238418579, 90, 0, 0], ""unused_pointer"": 2365328144}"
vr-ep1/q990-bb-e,9,145,"{""base_type"": 331, ""set_flags"": 0, ""runtime_index"": 1637, ""file_offset"": 182972, ""floor_field"": 9, ""entity_id_field"": 18515, ""group"": 0, ""room"": 42, ""unknown_a3"": 0, ""position"": [176.6005859375, 0.0, 75.0], ""angles"": [0, 16384, 0], ""params"": [1.000000238418579, 1.000000238418579, 1.000000238418579, 160, 0, 0], ""unused_pointer"": 2365257280}"
