label,line,opcode,args
start,20,set_floor_handler,"... 0x0 /* 0 */, label0096"
start,23,set_floor_handler,"... 0x6 /* 6 */, label0097"
start,26,set_floor_handler,"... 0x7 /* 7 */, label0098"
start,30,set_qt_success,label00C8
label0096,55,switch_jmp,"r60, [label012C, label012D]"
label015E,99,jmpi_eq,"r255, 0x00000001, label0161"
label0160,147,leti,"r255, 0x00000001"
label0226,167,set,r255
label00C9,250,pl_add_meseta2,... 0x7D0 /* 2000 */
label00CA,260,pl_add_meseta2,... 0x1770 /* 6000 */
label00CB,270,pl_add_meseta2,... 0x2710 /* 10000 */
label00CC,280,pl_add_meseta2,... 0x3A98 /* 15000 */
label003A,301,set_switch_flag_sync,"... 0x6 /* 6 */, 0x96 /* 150 */"
label003A,304,set_switch_flag_sync,"... 0x6 /* 6 */, 0x97 /* 151 */"
label003A,307,set_switch_flag_sync,"... 0x6 /* 6 */, 0x98 /* 152 */"
label003A,310,set_switch_flag_sync,"... 0x6 /* 6 */, 0x99 /* 153 */"
label003A,313,set_switch_flag_sync,"... 0x6 /* 6 */, 0x9A /* 154 */"
label003C,373,set_switch_flag_sync,"... 0x7 /* 7 */, 0x23 /* 35 */"
label003C,376,set_switch_flag_sync,"... 0x7 /* 7 */, 0x24 /* 36 */"
label003C,379,set_switch_flag_sync,"... 0x7 /* 7 */, 0x25 /* 37 */"
label003C,382,set_switch_flag_sync,"... 0x7 /* 7 */, 0x26 /* 38 */"
label003C,385,set_switch_flag_sync,"... 0x7 /* 7 */, 0x27 /* 39 */"
label00FA,439,set_switch_flag_sync,"... 0x6 /* 6 */, 0x96 /* 150 */"
label00FA,442,sync_register2,"... r5, 0x1 /* 1 */"
label00FB,455,set_switch_flag_sync,"... 0x6 /* 6 */, 0x97 /* 151 */"
label00FB,458,sync_register2,"... r6, 0x1 /* 1 */"
label00FC,471,set_switch_flag_sync,"... 0x6 /* 6 */, 0x98 /* 152 */"
label00FC,474,sync_register2,"... r7, 0x1 /* 1 */"
label00FD,487,set_switch_flag_sync,"... 0x6 /* 6 */, 0x99 /* 153 */"
label00FD,490,sync_register2,"... r8, 0x1 /* 1 */"
label00FE,503,set_switch_flag_sync,"... 0x6 /* 6 */, 0x9A /* 154 */"
label00FE,506,sync_register2,"... r9, 0x1 /* 1 */"
label01C2,519,set_switch_flag_sync,"... 0x7 /* 7 */, 0x23 /* 35 */"
label01C2,522,sync_register2,"... r40, 0x1 /* 1 */"
label01C3,535,set_switch_flag_sync,"... 0x7 /* 7 */, 0x24 /* 36 */"
label01C3,538,sync_register2,"... r41, 0x1 /* 1 */"
label01C4,551,set_switch_flag_sync,"... 0x7 /* 7 */, 0x25 /* 37 */"
label01C4,554,sync_register2,"... r42, 0x1 /* 1 */"
label01C5,567,set_switch_flag_sync,"... 0x7 /* 7 */, 0x26 /* 38 */"
label01C5,570,sync_register2,"... r43, 0x1 /* 1 */"
label01C6,583,set_switch_flag_sync,"... 0x7 /* 7 */, 0x27 /* 39 */"
label01C6,586,sync_register2,"... r44, 0x1 /* 1 */"
label018A,628,sync_register2,"... r14, 0x1 /* 1 */"
label0100,677,sync_register2,"... r13, 0x1 /* 1 */"
label0186,690,sync_register2,"... r20, 0x1 /* 1 */"
label0187,701,sync_register2,"... r20, 0x2 /* 2 */"
label018D,727,sync_register2,"... r30, 0x1 /* 1 */"
label018E,734,sync_register2,"... r14, 0x2 /* 2 */"
label0105,759,sync_register2,"... r132, 0x1 /* 1 */"
label018F,766,sync_register2,"... r19, 0x1 /* 1 */"
label018F,769,sync_register2,"... r131, 0x1 /* 1 */"
label0190,781,switch_jmp,"r102, [label0191, label0191, label0191, label0191, label0191, label0191, label0191, label0192, label0192]"
label0191,796,sync_register2,"... r150, 0x1 /* 1 */"
label0192,805,switch_jmp,"r102, [label0191, label0191, label0191, label0191, label0191, label0193, label0193, label0193, label0193]"
label01A0,827,sync_register2,"... r151, 0x1 /* 1 */"
label01A1,842,sync_register2,"... r152, 0x1 /* 1 */"
label01A2,857,sync_register2,"... r153, 0x1 /* 1 */"
label01A3,865,switch_jmp,"r102, [label01B0, label01B0, label01B0, label01B0, label01B0, label01B0, label01B1, label01B1, label01B1]"
label0194,873,switch_jmp,"r105, [label0195, label0195, label0195, label0195, label0195, label0195, label0195, label0196, label0196]"
label0195,888,sync_register2,"... r154, 0x1 /* 1 */"
label0196,897,switch_jmp,"r105, [label0195, label0195, label0195, label0195, label0195, label0197, label0197, label0197, label0197]"
label01A4,919,sync_register2,"... r155, 0x1 /* 1 */"
label01A5,934,sync_register2,"... r156, 0x1 /* 1 */"
label01A6,949,sync_register2,"... r157, 0x1 /* 1 */"
label01A7,957,switch_jmp,"r105, [label01B2, label01B2, label01B2, label01B2, label01B2, label01B2, label01B3, label01B3, label01B3]"
label0198,965,switch_jmp,"r108, [label0199, label0199, label0199, label0199, label0199, label0199, label0199, label019A, label019A]"
label0199,980,sync_register2,"... r158, 0x1 /* 1 */"
label019A,989,switch_jmp,"r108, [label0199, label0199, label0199, label0199, label0199, label019B, label019B, label019B, label019B]"
label01A8,1011,sync_register2,"... r159, 0x1 /* 1 */"
label01A9,1026,sync_register2,"... r160, 0x1 /* 1 */"
label01AA,1041,sync_register2,"... r161, 0x1 /* 1 */"
label01AB,1049,switch_jmp,"r108, [label01B4, label01B4, label01B4, label01B4, label01B4, label01B4, label01B5, label01B5, label01B5]"
label019C,1057,switch_jmp,"r111, [label019D, label019D, label019D, label019D, label019D, label019D, label019D, label019E, label019E]"
label019D,1072,sync_register2,"... r162, 0x1 /* 1 */"
label019E,1081,switch_jmp,"r111, [label019D, label019D, label019D, label019D, label019D, label019F, label019F, label019F, label019F]"
label01AC,1103,sync_register2,"... r163, 0x1 /* 1 */"
label01AD,1118,sync_register2,"... r164, 0x1 /* 1 */"
label01AE,1133,sync_register2,"... r165, 0x1 /* 1 */"
label01AF,1141,switch_jmp,"r111, [label01B6, label01B6, label01B6, label01B6, label01B6, label01B6, label01B7, label01B7, label01B7]"
label01B0,1156,sync_register2,"... r166, 0x1 /* 1 */"
label01B1,1171,sync_register2,"... r167, 0x1 /* 1 */"
label01B2,1186,sync_register2,"... r168, 0x1 /* 1 */"
label01B3,1201,sync_register2,"... r169, 0x1 /* 1 */"
label01B4,1217,sync_register2,"... r170, 0x1 /* 1 */"
label01B5,1232,sync_register2,"... r171, 0x1 /* 1 */"
label01B6,1247,sync_register2,"... r172, 0x1 /* 1 */"
label01B7,1262,sync_register2,"... r173, 0x1 /* 1 */"
label01F5,1275,item_create2,"r95-r106, r99"
