label,line,instructions
start,17,18
label005A,37,19
label005B,59,19
label0001,80,1
label0096,83,44
label009B,129,3
label00B4,134,7
label00B5,143,4
label00B6,149,2
label0098,153,19
label009A,174,3
label0099,179,41
label009C,222,3
label00FA,227,5
label00FB,234,10
label00FC,246,10
label00FD,258,10
label00FE,270,10
label0136,282,53
label0137,337,12
label0138,351,11
label0139,364,8
label013A,374,21
label013B,397,8
label013C,407,22
label013F,431,4
label0140,437,8
label0142,447,4
label0143,453,18
label0141,473,18
label013D,493,41
label013E,536,8
label014A,546,9
label014B,558,8
label014C,568,8
label014D,578,9
label0154,589,9
label0155,601,17
label0156,620,7
label0157,629,22
label0158,653,4
label0159,659,9
label015F,670,21
label0160,694,22
label0161,718,4
label0162,724,27
label0169,753,22
label0167,777,3
label0168,782,18
label0163,802,11
label0164,815,9
label0165,826,11
label0166,839,21
label017C,862,10
label017D,875,7
label017E,884,41
label017F,927,14
label0180,943,14
label0181,959,14
label0182,975,6
label0183,983,22
label0184,1007,5
label0185,1014,12
label0190,1028,5
label0191,1035,5
label0192,1042,5
label0193,1049,5
label0194,1056,5
label02C5,1063,5
label02C6,1070,7
label02C7,1079,4
label02C8,1085,17
label02C9,1104,2
label02D0,1108,28
label02D3,1138,4
label02D4,1144,3
label02D5,1149,6
label02D6,1157,6
label02D7,1165,6
label02D8,1173,9
label02D9,1184,47
label02DA,1233,5
label02DB,1240,4
label02DC,1246,20
label02DD,1268,2
label02DE,1272,18
label02DF,1292,3
label02E0,1297,6
label02E1,1305,6
label02E2,1313,6
label02E3,1321,9
label00C3,1332,29
label02E4,1363,11
label02E5,1376,4
label02E6,1382,18
label02E7,1402,8
label02EE,1412,23
label02F3,1437,32
label02F4,1471,17
label02F5,1490,14
label02F6,1506,23
label02F7,1531,10
label02F8,1543,11
label02F9,1556,4
label02FA,1562,18
label02FB,1582,2
label02FD,1586,5
label02FE,1593,4
label02FF,1599,14
label0300,1615,2
label0302,1619,30
label0303,1651,6
label0304,1659,4
label0305,1665,17
label0306,1684,2
label0307,1688,29
label030C,1719,28
label030D,1749,5
label030E,1756,4
label030F,1762,14
label0310,1778,2
label0311,1782,8
label0312,1792,29
label0316,1823,6
label0317,1831,4
label0318,1837,17
label0319,1856,2
label031A,1860,7
label031B,1869,4
label031C,1875,16
label031D,1893,31
label0320,1926,21
label0325,1950,23
label032A,1975,13
label0326,1991,19
label0327,2012,4
label0328,2018,20
label0329,2040,2
label044C,2044,7
label044D,2053,11
label044E,2066,5
label0456,2073,6
label0460,2081,14
label0461,2097,9
label0462,2108,8
label046A,2118,9
label0474,2129,11
label0475,2142,7
label0476,2151,43
label0477,2196,12
label01F4,2210,3
label01F3,2215,8
label01F5,2225,10
label0200,2237,21
label01F6,2260,2
label01F7,2264,8
label01F9,2274,9
label01F8,2285,2
label01FD,2289,8
label01FC,2299,10
label01FF,2311,4
label01FE,2317,11
label01FA,2330,2
label01FB,2334,8
label00DC,2344,8
label00DD,2354,8
label00C8,2364,4
label00C9,2370,4
label05DC,2376,10
label0640,2388,6
label0641,2396,1
label0642,2399,7
label0643,2408,6
label06A5,2416,9
label06C2,2427,2
label06CC,2431,2
label0709,2435,3
label070A,2440,3
label070B,2445,3
label070C,2450,3
label070D,2455,3
label070E,2460,3
label070F,2465,3
label0710,2470,3
label0711,2475,3
label0712,2480,3
label0713,2485,3
label0714,2490,3
label0715,2495,3
label0716,2500,3
label0717,2505,3
label0718,2510,3
label0719,2515,3
label071A,2520,3
label071B,2525,3
label071C,2530,3
label071D,2535,3
label071E,2540,3
label071F,2545,3
label0720,2550,3
label0721,2555,3
label0722,2560,3
label0723,2565,3
label0724,2570,3
label07D0,2575,21
label0258,2598,3
label0259,2603,2
label025A,2607,19
label025B,2628,16
label025C,2646,16
label025D,2664,20
label025E,2686,18
label0262,2706,3
label0263,2711,2
label0264,2715,9
label0265,2726,19
label0266,2747,16
label026C,2765,3
label026D,2770,2
label026E,2774,19
label026F,2795,19
label0270,2816,19
label0276,2837,1
label0385,2840,5
label0386,2847,4
label0387,2853,4
label0388,2859,4
label0389,2865,4
label038A,2871,4
label038B,2877,4
label038C,2883,4
label038D,2889,4
label038E,2895,4
label038F,2901,4
label0390,2907,4
label0391,2913,4
label0392,2919,2
label0393,2923,5
label0394,2930,5
label0395,2937,5
label0396,2944,5
label0397,2951,5
label0398,2958,5
label0399,2965,5
label039A,2972,5
label039B,2979,5
label039C,2986,5
label039D,2993,5
label039E,3000,5
label039F,3007,5
label03A9,3014,5
label03A0,3021,4
label03A1,3027,4
label03A2,3033,4
label03A3,3039,4
label03A4,3045,4
label03A5,3051,4
label03A6,3057,4
label03A7,3063,4
label03A8,3069,2
label03D4,3073,5
label03D5,3080,5
label03D6,3087,5
label03D7,3094,5
label03D8,3101,5
label03D9,3108,5
label03DA,3115,5
label03DB,3122,5
label03DC,3129,5
label03DD,3136,5
label03DE,3143,4
label03DF,3149,4
label03E0,3155,4
label03E1,3161,4
label03E2,3167,4
label03E3,3173,4
label03E4,3179,4
label03E5,3185,4
label03E6,3191,4
label03E7,3197,4
label03E8,3203,4
label03E9,3209,4
label03EA,3215,4
label03EB,3221,2
label03EC,3225,5
label03ED,3232,5
label03EE,3239,5
label03EF,3246,5
label03F0,3253,5
label03F1,3260,5
label03F2,3267,5
label03F3,3274,5
label03F4,3281,5
label03F5,3288,5
label03F6,3295,5
label03F7,3302,5
label03F8,3309,5
label03F9,3316,5
label03AB,3323,6
label03AC,3331,22
label03AD,3355,10
label03AE,3367,29
label00BE,3398,8
label03B6,3408,46
label03BB,3456,18
label03C0,3476,44
label03C5,3522,13
label03CA,3537,52
label005C,3591,0
label005D,3594,0
label005E,3597,0
label005F,3600,0
label0060,3603,0
label0061,3606,0
label0064,3609,0
label0065,3613,0
label0066,3616,0
label0067,3619,0
label0068,3622,0
label0069,3625,0
label007D,3628,0
label007C,3631,0
label06A4,3634,13
label06A9,3649,9
label06AE,3660,14
label06B8,3676,14
